---新增市
INSERT [dbo].[city] ([cityID], [cityname]) VALUES (1, N'台北市')
INSERT [dbo].[city] ([cityID], [cityname]) VALUES (2, N'基隆市')
INSERT [dbo].[city] ([cityID], [cityname]) VALUES (3, N'新北市')
INSERT [dbo].[city] ([cityID], [cityname]) VALUES (4, N'連江縣')
INSERT [dbo].[city] ([cityID], [cityname]) VALUES (5, N'宜蘭縣')
INSERT [dbo].[city] ([cityID], [cityname]) VALUES (6, N'釣魚台')
INSERT [dbo].[city] ([cityID], [cityname]) VALUES (7, N'新竹市')
INSERT [dbo].[city] ([cityID], [cityname]) VALUES (8, N'新竹縣')
INSERT [dbo].[city] ([cityID], [cityname]) VALUES (9, N'桃園縣')
INSERT [dbo].[city] ([cityID], [cityname]) VALUES (10, N'苗栗縣')
INSERT [dbo].[city] ([cityID], [cityname]) VALUES (11, N'台中市')
INSERT [dbo].[city] ([cityID], [cityname]) VALUES (12, N'彰化縣')
INSERT [dbo].[city] ([cityID], [cityname]) VALUES (13, N'南投縣')
INSERT [dbo].[city] ([cityID], [cityname]) VALUES (14, N'嘉義市')
INSERT [dbo].[city] ([cityID], [cityname]) VALUES (15, N'嘉義縣')
INSERT [dbo].[city] ([cityID], [cityname]) VALUES (16, N'雲林縣')
INSERT [dbo].[city] ([cityID], [cityname]) VALUES (17, N'台南市')
INSERT [dbo].[city] ([cityID], [cityname]) VALUES (18, N'高雄市')
INSERT [dbo].[city] ([cityID], [cityname]) VALUES (19, N'南海島')
INSERT [dbo].[city] ([cityID], [cityname]) VALUES (20, N'澎湖縣')
INSERT [dbo].[city] ([cityID], [cityname]) VALUES (21, N'金門縣')
INSERT [dbo].[city] ([cityID], [cityname]) VALUES (22, N'屏東縣')
INSERT [dbo].[city] ([cityID], [cityname]) VALUES (23, N'台東縣')
INSERT [dbo].[city] ([cityID], [cityname]) VALUES (24, N'花蓮縣')

---新增區
INSERT [dbo].[region] ([cityID], [regionID], [regionname]) VALUES (1, 100, N'中正區')
INSERT [dbo].[region] ([cityID], [regionID], [regionname]) VALUES (1, 103, N'大同區')
INSERT [dbo].[region] ([cityID], [regionID], [regionname]) VALUES (1, 104, N'中山區')
INSERT [dbo].[region] ([cityID], [regionID], [regionname]) VALUES (1, 105, N'松山區')
INSERT [dbo].[region] ([cityID], [regionID], [regionname]) VALUES (1, 106, N'大安區')
INSERT [dbo].[region] ([cityID], [regionID], [regionname]) VALUES (1, 108, N'萬華區')
INSERT [dbo].[region] ([cityID], [regionID], [regionname]) VALUES (1, 110, N'信義區')
INSERT [dbo].[region] ([cityID], [regionID], [regionname]) VALUES (1, 111, N'士林區')
INSERT [dbo].[region] ([cityID], [regionID], [regionname]) VALUES (1, 112, N'北投區')
INSERT [dbo].[region] ([cityID], [regionID], [regionname]) VALUES (1, 114, N'內湖區')
INSERT [dbo].[region] ([cityID], [regionID], [regionname]) VALUES (1, 115, N'南港區')
INSERT [dbo].[region] ([cityID], [regionID], [regionname]) VALUES (1, 116, N'文山區')
INSERT [dbo].[region] ([cityID], [regionID], [regionname]) VALUES (2, 200, N'仁愛區')
INSERT [dbo].[region] ([cityID], [regionID], [regionname]) VALUES (2, 204, N'安樂區')
INSERT [dbo].[region] ([cityID], [regionID], [regionname]) VALUES (2, 205, N'暖暖區')
INSERT [dbo].[region] ([cityID], [regionID], [regionname]) VALUES (2, 206, N'七堵區')
INSERT [dbo].[region] ([cityID], [regionID], [regionname]) VALUES (3, 207, N'萬里區')
INSERT [dbo].[region] ([cityID], [regionID], [regionname]) VALUES (3, 208, N'金山區')
INSERT [dbo].[region] ([cityID], [regionID], [regionname]) VALUES (4, 209, N'南竿鄉')
INSERT [dbo].[region] ([cityID], [regionID], [regionname]) VALUES (4, 210, N'北竿鄉')
INSERT [dbo].[region] ([cityID], [regionID], [regionname]) VALUES (4, 211, N'莒光鄉')
INSERT [dbo].[region] ([cityID], [regionID], [regionname]) VALUES (4, 212, N'東引鄉')
INSERT [dbo].[region] ([cityID], [regionID], [regionname]) VALUES (3, 220, N'板橋區')
INSERT [dbo].[region] ([cityID], [regionID], [regionname]) VALUES (3, 221, N'汐止區')
INSERT [dbo].[region] ([cityID], [regionID], [regionname]) VALUES (3, 222, N'深坑區')
INSERT [dbo].[region] ([cityID], [regionID], [regionname]) VALUES (3, 223, N'石碇區')
INSERT [dbo].[region] ([cityID], [regionID], [regionname]) VALUES (3, 224, N'瑞芳區')
INSERT [dbo].[region] ([cityID], [regionID], [regionname]) VALUES (3, 226, N'平溪區')
INSERT [dbo].[region] ([cityID], [regionID], [regionname]) VALUES (3, 227, N'雙溪區')
INSERT [dbo].[region] ([cityID], [regionID], [regionname]) VALUES (3, 228, N'貢寮區')
INSERT [dbo].[region] ([cityID], [regionID], [regionname]) VALUES (3, 231, N'新店區')
INSERT [dbo].[region] ([cityID], [regionID], [regionname]) VALUES (3, 232, N'坪林區')
INSERT [dbo].[region] ([cityID], [regionID], [regionname]) VALUES (3, 233, N'烏來區')
INSERT [dbo].[region] ([cityID], [regionID], [regionname]) VALUES (3, 234, N'永和區')
INSERT [dbo].[region] ([cityID], [regionID], [regionname]) VALUES (3, 235, N'中和區')
INSERT [dbo].[region] ([cityID], [regionID], [regionname]) VALUES (3, 236, N'土城區')
INSERT [dbo].[region] ([cityID], [regionID], [regionname]) VALUES (3, 237, N'三峽區')
INSERT [dbo].[region] ([cityID], [regionID], [regionname]) VALUES (3, 238, N'樹林區')
INSERT [dbo].[region] ([cityID], [regionID], [regionname]) VALUES (3, 239, N'鶯歌區')
INSERT [dbo].[region] ([cityID], [regionID], [regionname]) VALUES (3, 241, N'三重區')
INSERT [dbo].[region] ([cityID], [regionID], [regionname]) VALUES (3, 242, N'新莊區')
INSERT [dbo].[region] ([cityID], [regionID], [regionname]) VALUES (3, 243, N'泰山區')
INSERT [dbo].[region] ([cityID], [regionID], [regionname]) VALUES (3, 244, N'林口區')
INSERT [dbo].[region] ([cityID], [regionID], [regionname]) VALUES (3, 247, N'蘆洲區')
INSERT [dbo].[region] ([cityID], [regionID], [regionname]) VALUES (3, 248, N'五股區')
INSERT [dbo].[region] ([cityID], [regionID], [regionname]) VALUES (3, 249, N'八里區')
INSERT [dbo].[region] ([cityID], [regionID], [regionname]) VALUES (3, 251, N'淡水區')
INSERT [dbo].[region] ([cityID], [regionID], [regionname]) VALUES (3, 252, N'三芝區')
INSERT [dbo].[region] ([cityID], [regionID], [regionname]) VALUES (3, 253, N'石門區')
INSERT [dbo].[region] ([cityID], [regionID], [regionname]) VALUES (5, 260, N'宜蘭市')
INSERT [dbo].[region] ([cityID], [regionID], [regionname]) VALUES (5, 261, N'頭城鎮')
INSERT [dbo].[region] ([cityID], [regionID], [regionname]) VALUES (5, 262, N'礁溪鄉')
INSERT [dbo].[region] ([cityID], [regionID], [regionname]) VALUES (5, 263, N'壯圍鄉')
INSERT [dbo].[region] ([cityID], [regionID], [regionname]) VALUES (5, 264, N'員山鄉')
INSERT [dbo].[region] ([cityID], [regionID], [regionname]) VALUES (5, 265, N'羅東鎮')
INSERT [dbo].[region] ([cityID], [regionID], [regionname]) VALUES (5, 266, N'三星鄉')
INSERT [dbo].[region] ([cityID], [regionID], [regionname]) VALUES (5, 267, N'大同鄉')
INSERT [dbo].[region] ([cityID], [regionID], [regionname]) VALUES (5, 268, N'五結鄉')
INSERT [dbo].[region] ([cityID], [regionID], [regionname]) VALUES (5, 269, N'冬山鄉')
INSERT [dbo].[region] ([cityID], [regionID], [regionname]) VALUES (5, 270, N'蘇澳鎮')
INSERT [dbo].[region] ([cityID], [regionID], [regionname]) VALUES (5, 272, N'南澳鄉')
INSERT [dbo].[region] ([cityID], [regionID], [regionname]) VALUES (5, 290, N'釣魚台')
INSERT [dbo].[region] ([cityID], [regionID], [regionname]) VALUES (7, 300, N'新竹市')
INSERT [dbo].[region] ([cityID], [regionID], [regionname]) VALUES (8, 302, N'竹北市')
INSERT [dbo].[region] ([cityID], [regionID], [regionname]) VALUES (8, 303, N'湖口鄉')
INSERT [dbo].[region] ([cityID], [regionID], [regionname]) VALUES (8, 304, N'新豐鄉')
INSERT [dbo].[region] ([cityID], [regionID], [regionname]) VALUES (8, 305, N'新埔鎮')
INSERT [dbo].[region] ([cityID], [regionID], [regionname]) VALUES (8, 306, N'關西鎮')
INSERT [dbo].[region] ([cityID], [regionID], [regionname]) VALUES (8, 307, N'芎林鄉')
INSERT [dbo].[region] ([cityID], [regionID], [regionname]) VALUES (8, 310, N'竹東鎮')
INSERT [dbo].[region] ([cityID], [regionID], [regionname]) VALUES (8, 311, N'五峰鄉')
INSERT [dbo].[region] ([cityID], [regionID], [regionname]) VALUES (8, 312, N'橫山鄉')
INSERT [dbo].[region] ([cityID], [regionID], [regionname]) VALUES (8, 313, N'尖石鄉')
INSERT [dbo].[region] ([cityID], [regionID], [regionname]) VALUES (8, 314, N'北埔鄉')
INSERT [dbo].[region] ([cityID], [regionID], [regionname]) VALUES (8, 315, N'峨眉鄉')
INSERT [dbo].[region] ([cityID], [regionID], [regionname]) VALUES (9, 320, N'中壢市')
INSERT [dbo].[region] ([cityID], [regionID], [regionname]) VALUES (9, 324, N'平鎮市')
INSERT [dbo].[region] ([cityID], [regionID], [regionname]) VALUES (9, 325, N'龍潭鄉')
INSERT [dbo].[region] ([cityID], [regionID], [regionname]) VALUES (9, 326, N'楊梅市')
INSERT [dbo].[region] ([cityID], [regionID], [regionname]) VALUES (9, 327, N'新屋鄉')
INSERT [dbo].[region] ([cityID], [regionID], [regionname]) VALUES (9, 328, N'觀音鄉')
INSERT [dbo].[region] ([cityID], [regionID], [regionname]) VALUES (9, 330, N'桃園市')
INSERT [dbo].[region] ([cityID], [regionID], [regionname]) VALUES (9, 333, N'龜山鄉')
INSERT [dbo].[region] ([cityID], [regionID], [regionname]) VALUES (9, 334, N'八德市')
INSERT [dbo].[region] ([cityID], [regionID], [regionname]) VALUES (9, 335, N'大溪鎮')
INSERT [dbo].[region] ([cityID], [regionID], [regionname]) VALUES (9, 336, N'復興鄉')
INSERT [dbo].[region] ([cityID], [regionID], [regionname]) VALUES (9, 337, N'大園鄉')
INSERT [dbo].[region] ([cityID], [regionID], [regionname]) VALUES (9, 338, N'蘆竹鄉')
INSERT [dbo].[region] ([cityID], [regionID], [regionname]) VALUES (10, 350, N'竹南鎮')
INSERT [dbo].[region] ([cityID], [regionID], [regionname]) VALUES (10, 351, N'頭份鎮')
INSERT [dbo].[region] ([cityID], [regionID], [regionname]) VALUES (10, 352, N'三灣鄉')
INSERT [dbo].[region] ([cityID], [regionID], [regionname]) VALUES (10, 353, N'南庄鄉')
INSERT [dbo].[region] ([cityID], [regionID], [regionname]) VALUES (10, 354, N'獅潭鄉')
INSERT [dbo].[region] ([cityID], [regionID], [regionname]) VALUES (10, 356, N'後龍鎮')
INSERT [dbo].[region] ([cityID], [regionID], [regionname]) VALUES (10, 357, N'通霄鎮')
INSERT [dbo].[region] ([cityID], [regionID], [regionname]) VALUES (10, 358, N'苑裡鎮')
INSERT [dbo].[region] ([cityID], [regionID], [regionname]) VALUES (10, 360, N'苗栗市')
INSERT [dbo].[region] ([cityID], [regionID], [regionname]) VALUES (10, 361, N'造橋鄉')
INSERT [dbo].[region] ([cityID], [regionID], [regionname]) VALUES (10, 362, N'頭屋鄉')
INSERT [dbo].[region] ([cityID], [regionID], [regionname]) VALUES (10, 363, N'公館鄉')
INSERT [dbo].[region] ([cityID], [regionID], [regionname]) VALUES (10, 364, N'大湖鄉')
GO
print 'Processed 100 total records'
INSERT [dbo].[region] ([cityID], [regionID], [regionname]) VALUES (10, 365, N'泰安鄉')
INSERT [dbo].[region] ([cityID], [regionID], [regionname]) VALUES (10, 366, N'銅鑼鄉')
INSERT [dbo].[region] ([cityID], [regionID], [regionname]) VALUES (10, 367, N'三義鄉')
INSERT [dbo].[region] ([cityID], [regionID], [regionname]) VALUES (10, 368, N'西湖鄉')
INSERT [dbo].[region] ([cityID], [regionID], [regionname]) VALUES (10, 369, N'卓蘭鎮')
INSERT [dbo].[region] ([cityID], [regionID], [regionname]) VALUES (11, 400, N'中區')
INSERT [dbo].[region] ([cityID], [regionID], [regionname]) VALUES (11, 402, N'南區')
INSERT [dbo].[region] ([cityID], [regionID], [regionname]) VALUES (11, 403, N'西區')
INSERT [dbo].[region] ([cityID], [regionID], [regionname]) VALUES (11, 406, N'北屯區')
INSERT [dbo].[region] ([cityID], [regionID], [regionname]) VALUES (11, 407, N'西屯區')
INSERT [dbo].[region] ([cityID], [regionID], [regionname]) VALUES (11, 408, N'南屯區')
INSERT [dbo].[region] ([cityID], [regionID], [regionname]) VALUES (11, 411, N'太平區')
INSERT [dbo].[region] ([cityID], [regionID], [regionname]) VALUES (11, 412, N'大里區')
INSERT [dbo].[region] ([cityID], [regionID], [regionname]) VALUES (11, 413, N'霧峰區')
INSERT [dbo].[region] ([cityID], [regionID], [regionname]) VALUES (11, 414, N'烏日區')
INSERT [dbo].[region] ([cityID], [regionID], [regionname]) VALUES (11, 420, N'豐原區')
INSERT [dbo].[region] ([cityID], [regionID], [regionname]) VALUES (11, 421, N'后里區')
INSERT [dbo].[region] ([cityID], [regionID], [regionname]) VALUES (11, 422, N'石岡區')
INSERT [dbo].[region] ([cityID], [regionID], [regionname]) VALUES (11, 423, N'東勢區')
INSERT [dbo].[region] ([cityID], [regionID], [regionname]) VALUES (11, 424, N'和平區')
INSERT [dbo].[region] ([cityID], [regionID], [regionname]) VALUES (11, 426, N'新社區')
INSERT [dbo].[region] ([cityID], [regionID], [regionname]) VALUES (11, 427, N'潭子區')
INSERT [dbo].[region] ([cityID], [regionID], [regionname]) VALUES (11, 428, N'大雅區')
INSERT [dbo].[region] ([cityID], [regionID], [regionname]) VALUES (11, 429, N'神岡區')
INSERT [dbo].[region] ([cityID], [regionID], [regionname]) VALUES (11, 432, N'大肚區')
INSERT [dbo].[region] ([cityID], [regionID], [regionname]) VALUES (11, 433, N'沙鹿區')
INSERT [dbo].[region] ([cityID], [regionID], [regionname]) VALUES (11, 434, N'龍井區')
INSERT [dbo].[region] ([cityID], [regionID], [regionname]) VALUES (11, 435, N'梧棲區')
INSERT [dbo].[region] ([cityID], [regionID], [regionname]) VALUES (11, 436, N'清水區')
INSERT [dbo].[region] ([cityID], [regionID], [regionname]) VALUES (11, 437, N'大甲區')
INSERT [dbo].[region] ([cityID], [regionID], [regionname]) VALUES (11, 438, N'外埔區')
INSERT [dbo].[region] ([cityID], [regionID], [regionname]) VALUES (12, 500, N'彰化市')
INSERT [dbo].[region] ([cityID], [regionID], [regionname]) VALUES (12, 502, N'芬園鄉')
INSERT [dbo].[region] ([cityID], [regionID], [regionname]) VALUES (12, 503, N'花壇鄉')
INSERT [dbo].[region] ([cityID], [regionID], [regionname]) VALUES (12, 504, N'秀水鄉')
INSERT [dbo].[region] ([cityID], [regionID], [regionname]) VALUES (12, 505, N'鹿港鎮')
INSERT [dbo].[region] ([cityID], [regionID], [regionname]) VALUES (12, 506, N'福興鄉')
INSERT [dbo].[region] ([cityID], [regionID], [regionname]) VALUES (12, 507, N'線西鄉')
INSERT [dbo].[region] ([cityID], [regionID], [regionname]) VALUES (12, 508, N'和美鎮')
INSERT [dbo].[region] ([cityID], [regionID], [regionname]) VALUES (12, 509, N'伸港鄉')
INSERT [dbo].[region] ([cityID], [regionID], [regionname]) VALUES (12, 510, N'員林鎮')
INSERT [dbo].[region] ([cityID], [regionID], [regionname]) VALUES (12, 511, N'社頭鄉')
INSERT [dbo].[region] ([cityID], [regionID], [regionname]) VALUES (12, 512, N'永靖鄉')
INSERT [dbo].[region] ([cityID], [regionID], [regionname]) VALUES (12, 513, N'埔心鄉')
INSERT [dbo].[region] ([cityID], [regionID], [regionname]) VALUES (12, 514, N'溪湖鎮')
INSERT [dbo].[region] ([cityID], [regionID], [regionname]) VALUES (12, 515, N'大村鄉')
INSERT [dbo].[region] ([cityID], [regionID], [regionname]) VALUES (12, 516, N'埔鹽鄉')
INSERT [dbo].[region] ([cityID], [regionID], [regionname]) VALUES (12, 520, N'田中鎮')
INSERT [dbo].[region] ([cityID], [regionID], [regionname]) VALUES (12, 521, N'北斗鎮')
INSERT [dbo].[region] ([cityID], [regionID], [regionname]) VALUES (12, 522, N'田尾鄉')
INSERT [dbo].[region] ([cityID], [regionID], [regionname]) VALUES (12, 523, N'埤頭鄉')
INSERT [dbo].[region] ([cityID], [regionID], [regionname]) VALUES (12, 524, N'溪州鄉')
INSERT [dbo].[region] ([cityID], [regionID], [regionname]) VALUES (12, 525, N'竹塘鄉')
INSERT [dbo].[region] ([cityID], [regionID], [regionname]) VALUES (12, 526, N'二林鎮')
INSERT [dbo].[region] ([cityID], [regionID], [regionname]) VALUES (12, 527, N'大城鄉')
INSERT [dbo].[region] ([cityID], [regionID], [regionname]) VALUES (12, 528, N'芳苑鄉')
INSERT [dbo].[region] ([cityID], [regionID], [regionname]) VALUES (12, 530, N'二水鄉')
INSERT [dbo].[region] ([cityID], [regionID], [regionname]) VALUES (13, 540, N'南投市')
INSERT [dbo].[region] ([cityID], [regionID], [regionname]) VALUES (13, 541, N'中寮鄉')
INSERT [dbo].[region] ([cityID], [regionID], [regionname]) VALUES (13, 542, N'草屯鎮')
INSERT [dbo].[region] ([cityID], [regionID], [regionname]) VALUES (13, 544, N'國姓鄉')
INSERT [dbo].[region] ([cityID], [regionID], [regionname]) VALUES (13, 545, N'埔里鎮')
INSERT [dbo].[region] ([cityID], [regionID], [regionname]) VALUES (13, 546, N'仁愛鄉')
INSERT [dbo].[region] ([cityID], [regionID], [regionname]) VALUES (13, 551, N'名間鄉')
INSERT [dbo].[region] ([cityID], [regionID], [regionname]) VALUES (13, 552, N'集集鎮')
INSERT [dbo].[region] ([cityID], [regionID], [regionname]) VALUES (13, 553, N'水里鄉')
INSERT [dbo].[region] ([cityID], [regionID], [regionname]) VALUES (13, 555, N'魚池鄉')
INSERT [dbo].[region] ([cityID], [regionID], [regionname]) VALUES (13, 556, N'信義鄉')
INSERT [dbo].[region] ([cityID], [regionID], [regionname]) VALUES (13, 557, N'竹山鎮')
INSERT [dbo].[region] ([cityID], [regionID], [regionname]) VALUES (13, 558, N'鹿谷鄉')
INSERT [dbo].[region] ([cityID], [regionID], [regionname]) VALUES (15, 602, N'番路鄉')
INSERT [dbo].[region] ([cityID], [regionID], [regionname]) VALUES (15, 603, N'梅山鄉')
INSERT [dbo].[region] ([cityID], [regionID], [regionname]) VALUES (15, 604, N'竹崎鄉')
INSERT [dbo].[region] ([cityID], [regionID], [regionname]) VALUES (15, 605, N'阿里山鄉')
INSERT [dbo].[region] ([cityID], [regionID], [regionname]) VALUES (15, 606, N'中埔鄉')
INSERT [dbo].[region] ([cityID], [regionID], [regionname]) VALUES (15, 607, N'大埔鄉')
INSERT [dbo].[region] ([cityID], [regionID], [regionname]) VALUES (15, 608, N'水上鄉')
INSERT [dbo].[region] ([cityID], [regionID], [regionname]) VALUES (15, 611, N'鹿草鄉')
INSERT [dbo].[region] ([cityID], [regionID], [regionname]) VALUES (15, 612, N'太保市')
INSERT [dbo].[region] ([cityID], [regionID], [regionname]) VALUES (15, 613, N'朴子市')
INSERT [dbo].[region] ([cityID], [regionID], [regionname]) VALUES (15, 614, N'東石鄉')
INSERT [dbo].[region] ([cityID], [regionID], [regionname]) VALUES (15, 615, N'六腳鄉')
INSERT [dbo].[region] ([cityID], [regionID], [regionname]) VALUES (15, 616, N'新港鄉')
INSERT [dbo].[region] ([cityID], [regionID], [regionname]) VALUES (15, 621, N'民雄鄉')
INSERT [dbo].[region] ([cityID], [regionID], [regionname]) VALUES (15, 622, N'大林鎮')
INSERT [dbo].[region] ([cityID], [regionID], [regionname]) VALUES (15, 623, N'溪口鄉')
INSERT [dbo].[region] ([cityID], [regionID], [regionname]) VALUES (15, 624, N'義竹鄉')
INSERT [dbo].[region] ([cityID], [regionID], [regionname]) VALUES (15, 625, N'布袋鎮')
INSERT [dbo].[region] ([cityID], [regionID], [regionname]) VALUES (16, 630, N'斗南鎮')
INSERT [dbo].[region] ([cityID], [regionID], [regionname]) VALUES (16, 631, N'大埤鄉')
INSERT [dbo].[region] ([cityID], [regionID], [regionname]) VALUES (16, 632, N'虎尾鎮')
INSERT [dbo].[region] ([cityID], [regionID], [regionname]) VALUES (16, 633, N'土庫鎮')
INSERT [dbo].[region] ([cityID], [regionID], [regionname]) VALUES (16, 634, N'褒忠鄉')
INSERT [dbo].[region] ([cityID], [regionID], [regionname]) VALUES (16, 635, N'東勢鄉')
INSERT [dbo].[region] ([cityID], [regionID], [regionname]) VALUES (16, 636, N'台西鄉')
INSERT [dbo].[region] ([cityID], [regionID], [regionname]) VALUES (16, 637, N'崙背鄉')
INSERT [dbo].[region] ([cityID], [regionID], [regionname]) VALUES (16, 638, N'麥寮鄉')
INSERT [dbo].[region] ([cityID], [regionID], [regionname]) VALUES (16, 640, N'斗六市')
INSERT [dbo].[region] ([cityID], [regionID], [regionname]) VALUES (16, 643, N'林內鄉')
INSERT [dbo].[region] ([cityID], [regionID], [regionname]) VALUES (16, 646, N'古坑鄉')
INSERT [dbo].[region] ([cityID], [regionID], [regionname]) VALUES (16, 647, N'莿桐鄉')
GO
print 'Processed 200 total records'
INSERT [dbo].[region] ([cityID], [regionID], [regionname]) VALUES (16, 648, N'西螺鎮')
INSERT [dbo].[region] ([cityID], [regionID], [regionname]) VALUES (16, 649, N'二崙鄉')
INSERT [dbo].[region] ([cityID], [regionID], [regionname]) VALUES (16, 651, N'北港鎮')
INSERT [dbo].[region] ([cityID], [regionID], [regionname]) VALUES (16, 652, N'水林鄉')
INSERT [dbo].[region] ([cityID], [regionID], [regionname]) VALUES (16, 653, N'口湖鄉')
INSERT [dbo].[region] ([cityID], [regionID], [regionname]) VALUES (16, 654, N'四湖鄉')
INSERT [dbo].[region] ([cityID], [regionID], [regionname]) VALUES (16, 655, N'元長鄉')
INSERT [dbo].[region] ([cityID], [regionID], [regionname]) VALUES (17, 700, N'中西區')
INSERT [dbo].[region] ([cityID], [regionID], [regionname]) VALUES (17, 708, N'安平區')
INSERT [dbo].[region] ([cityID], [regionID], [regionname]) VALUES (17, 709, N'安南區')
INSERT [dbo].[region] ([cityID], [regionID], [regionname]) VALUES (17, 710, N'永康區')
INSERT [dbo].[region] ([cityID], [regionID], [regionname]) VALUES (17, 711, N'歸仁區')
INSERT [dbo].[region] ([cityID], [regionID], [regionname]) VALUES (17, 712, N'新化區')
INSERT [dbo].[region] ([cityID], [regionID], [regionname]) VALUES (17, 713, N'左鎮區')
INSERT [dbo].[region] ([cityID], [regionID], [regionname]) VALUES (17, 714, N'玉井區')
INSERT [dbo].[region] ([cityID], [regionID], [regionname]) VALUES (17, 715, N'楠西區')
INSERT [dbo].[region] ([cityID], [regionID], [regionname]) VALUES (17, 716, N'南化區')
INSERT [dbo].[region] ([cityID], [regionID], [regionname]) VALUES (17, 717, N'仁德區')
INSERT [dbo].[region] ([cityID], [regionID], [regionname]) VALUES (17, 718, N'關廟區')
INSERT [dbo].[region] ([cityID], [regionID], [regionname]) VALUES (17, 719, N'龍崎區')
INSERT [dbo].[region] ([cityID], [regionID], [regionname]) VALUES (17, 720, N'官田區')
INSERT [dbo].[region] ([cityID], [regionID], [regionname]) VALUES (17, 721, N'麻豆區')
INSERT [dbo].[region] ([cityID], [regionID], [regionname]) VALUES (17, 722, N'佳里區')
INSERT [dbo].[region] ([cityID], [regionID], [regionname]) VALUES (17, 723, N'西港區')
INSERT [dbo].[region] ([cityID], [regionID], [regionname]) VALUES (17, 724, N'七股區')
INSERT [dbo].[region] ([cityID], [regionID], [regionname]) VALUES (17, 725, N'將軍區')
INSERT [dbo].[region] ([cityID], [regionID], [regionname]) VALUES (17, 726, N'學甲區')
INSERT [dbo].[region] ([cityID], [regionID], [regionname]) VALUES (17, 727, N'北門區')
INSERT [dbo].[region] ([cityID], [regionID], [regionname]) VALUES (17, 730, N'新營區')
INSERT [dbo].[region] ([cityID], [regionID], [regionname]) VALUES (17, 731, N'後壁區')
INSERT [dbo].[region] ([cityID], [regionID], [regionname]) VALUES (17, 732, N'白河區')
INSERT [dbo].[region] ([cityID], [regionID], [regionname]) VALUES (17, 733, N'東山區')
INSERT [dbo].[region] ([cityID], [regionID], [regionname]) VALUES (17, 734, N'六甲區')
INSERT [dbo].[region] ([cityID], [regionID], [regionname]) VALUES (17, 735, N'下營區')
INSERT [dbo].[region] ([cityID], [regionID], [regionname]) VALUES (17, 736, N'柳營區')
INSERT [dbo].[region] ([cityID], [regionID], [regionname]) VALUES (17, 737, N'鹽水區')
INSERT [dbo].[region] ([cityID], [regionID], [regionname]) VALUES (17, 741, N'善化區')
INSERT [dbo].[region] ([cityID], [regionID], [regionname]) VALUES (17, 742, N'大內區')
INSERT [dbo].[region] ([cityID], [regionID], [regionname]) VALUES (17, 743, N'山上區')
INSERT [dbo].[region] ([cityID], [regionID], [regionname]) VALUES (17, 744, N'新市區')
INSERT [dbo].[region] ([cityID], [regionID], [regionname]) VALUES (17, 745, N'安定區')
INSERT [dbo].[region] ([cityID], [regionID], [regionname]) VALUES (18, 800, N'新興區')
INSERT [dbo].[region] ([cityID], [regionID], [regionname]) VALUES (18, 801, N'前金區')
INSERT [dbo].[region] ([cityID], [regionID], [regionname]) VALUES (18, 802, N'苓雅區')
INSERT [dbo].[region] ([cityID], [regionID], [regionname]) VALUES (18, 803, N'鹽埕區')
INSERT [dbo].[region] ([cityID], [regionID], [regionname]) VALUES (18, 804, N'鼓山區')
INSERT [dbo].[region] ([cityID], [regionID], [regionname]) VALUES (18, 805, N'旗津區')
INSERT [dbo].[region] ([cityID], [regionID], [regionname]) VALUES (18, 806, N'前鎮區')
INSERT [dbo].[region] ([cityID], [regionID], [regionname]) VALUES (18, 807, N'三民區')
INSERT [dbo].[region] ([cityID], [regionID], [regionname]) VALUES (18, 811, N'楠梓區')
INSERT [dbo].[region] ([cityID], [regionID], [regionname]) VALUES (18, 812, N'小港區')
INSERT [dbo].[region] ([cityID], [regionID], [regionname]) VALUES (18, 813, N'左營區')
INSERT [dbo].[region] ([cityID], [regionID], [regionname]) VALUES (18, 814, N'仁武區')
INSERT [dbo].[region] ([cityID], [regionID], [regionname]) VALUES (18, 815, N'大社區')
INSERT [dbo].[region] ([cityID], [regionID], [regionname]) VALUES (18, 817, N'東沙群島')
INSERT [dbo].[region] ([cityID], [regionID], [regionname]) VALUES (18, 819, N'南沙群島')
INSERT [dbo].[region] ([cityID], [regionID], [regionname]) VALUES (18, 820, N'岡山區')
INSERT [dbo].[region] ([cityID], [regionID], [regionname]) VALUES (18, 821, N'路竹區')
INSERT [dbo].[region] ([cityID], [regionID], [regionname]) VALUES (18, 822, N'阿蓮區')
INSERT [dbo].[region] ([cityID], [regionID], [regionname]) VALUES (18, 823, N'田寮區')
INSERT [dbo].[region] ([cityID], [regionID], [regionname]) VALUES (18, 824, N'燕巢區')
INSERT [dbo].[region] ([cityID], [regionID], [regionname]) VALUES (18, 825, N'橋頭區')
INSERT [dbo].[region] ([cityID], [regionID], [regionname]) VALUES (18, 826, N'梓官區')
INSERT [dbo].[region] ([cityID], [regionID], [regionname]) VALUES (18, 827, N'彌陀區')
INSERT [dbo].[region] ([cityID], [regionID], [regionname]) VALUES (18, 828, N'永安區')
INSERT [dbo].[region] ([cityID], [regionID], [regionname]) VALUES (18, 829, N'湖內區')
INSERT [dbo].[region] ([cityID], [regionID], [regionname]) VALUES (18, 830, N'鳳山區')
INSERT [dbo].[region] ([cityID], [regionID], [regionname]) VALUES (18, 831, N'大寮區')
INSERT [dbo].[region] ([cityID], [regionID], [regionname]) VALUES (18, 832, N'林園區')
INSERT [dbo].[region] ([cityID], [regionID], [regionname]) VALUES (18, 833, N'鳥松區')
INSERT [dbo].[region] ([cityID], [regionID], [regionname]) VALUES (18, 840, N'大樹區')
INSERT [dbo].[region] ([cityID], [regionID], [regionname]) VALUES (18, 842, N'旗山區')
INSERT [dbo].[region] ([cityID], [regionID], [regionname]) VALUES (18, 843, N'美濃區')
INSERT [dbo].[region] ([cityID], [regionID], [regionname]) VALUES (18, 844, N'六龜區')
INSERT [dbo].[region] ([cityID], [regionID], [regionname]) VALUES (18, 845, N'內門區')
INSERT [dbo].[region] ([cityID], [regionID], [regionname]) VALUES (18, 846, N'杉林區')
INSERT [dbo].[region] ([cityID], [regionID], [regionname]) VALUES (18, 847, N'甲仙區')
INSERT [dbo].[region] ([cityID], [regionID], [regionname]) VALUES (18, 848, N'桃源區')
INSERT [dbo].[region] ([cityID], [regionID], [regionname]) VALUES (18, 849, N'那瑪夏區')
INSERT [dbo].[region] ([cityID], [regionID], [regionname]) VALUES (18, 851, N'茂林區')
INSERT [dbo].[region] ([cityID], [regionID], [regionname]) VALUES (18, 852, N'茄萣區')
INSERT [dbo].[region] ([cityID], [regionID], [regionname]) VALUES (20, 880, N'馬公市')
INSERT [dbo].[region] ([cityID], [regionID], [regionname]) VALUES (20, 881, N'西嶼鄉')
INSERT [dbo].[region] ([cityID], [regionID], [regionname]) VALUES (20, 882, N'望安鄉')
INSERT [dbo].[region] ([cityID], [regionID], [regionname]) VALUES (20, 883, N'七美鄉')
INSERT [dbo].[region] ([cityID], [regionID], [regionname]) VALUES (20, 884, N'白沙鄉')
INSERT [dbo].[region] ([cityID], [regionID], [regionname]) VALUES (20, 885, N'湖西鄉')
INSERT [dbo].[region] ([cityID], [regionID], [regionname]) VALUES (21, 890, N'金沙鎮')
INSERT [dbo].[region] ([cityID], [regionID], [regionname]) VALUES (21, 891, N'金湖鎮')
INSERT [dbo].[region] ([cityID], [regionID], [regionname]) VALUES (21, 892, N'金寧鄉')
INSERT [dbo].[region] ([cityID], [regionID], [regionname]) VALUES (21, 893, N'金城鎮')
INSERT [dbo].[region] ([cityID], [regionID], [regionname]) VALUES (21, 894, N'烈嶼鄉')
INSERT [dbo].[region] ([cityID], [regionID], [regionname]) VALUES (21, 896, N'烏坵鄉')
INSERT [dbo].[region] ([cityID], [regionID], [regionname]) VALUES (22, 900, N'屏東市')
INSERT [dbo].[region] ([cityID], [regionID], [regionname]) VALUES (22, 901, N'三地門鄉')
INSERT [dbo].[region] ([cityID], [regionID], [regionname]) VALUES (22, 902, N'霧台鄉')
INSERT [dbo].[region] ([cityID], [regionID], [regionname]) VALUES (22, 903, N'瑪家鄉')
INSERT [dbo].[region] ([cityID], [regionID], [regionname]) VALUES (22, 904, N'九如鄉')
INSERT [dbo].[region] ([cityID], [regionID], [regionname]) VALUES (22, 905, N'里港鄉')
INSERT [dbo].[region] ([cityID], [regionID], [regionname]) VALUES (22, 906, N'高樹鄉')
INSERT [dbo].[region] ([cityID], [regionID], [regionname]) VALUES (22, 907, N'鹽埔鄉')
GO
print 'Processed 300 total records'
INSERT [dbo].[region] ([cityID], [regionID], [regionname]) VALUES (22, 908, N'長治鄉')
INSERT [dbo].[region] ([cityID], [regionID], [regionname]) VALUES (22, 909, N'麟洛鄉')
INSERT [dbo].[region] ([cityID], [regionID], [regionname]) VALUES (22, 911, N'竹田鄉')
INSERT [dbo].[region] ([cityID], [regionID], [regionname]) VALUES (22, 912, N'內埔鄉')
INSERT [dbo].[region] ([cityID], [regionID], [regionname]) VALUES (22, 913, N'萬丹鄉')
INSERT [dbo].[region] ([cityID], [regionID], [regionname]) VALUES (22, 920, N'潮州鎮')
INSERT [dbo].[region] ([cityID], [regionID], [regionname]) VALUES (22, 921, N'泰武鄉')
INSERT [dbo].[region] ([cityID], [regionID], [regionname]) VALUES (22, 922, N'來義鄉')
INSERT [dbo].[region] ([cityID], [regionID], [regionname]) VALUES (22, 923, N'萬巒鄉')
INSERT [dbo].[region] ([cityID], [regionID], [regionname]) VALUES (22, 924, N'崁頂鄉')
INSERT [dbo].[region] ([cityID], [regionID], [regionname]) VALUES (22, 925, N'新埤鄉')
INSERT [dbo].[region] ([cityID], [regionID], [regionname]) VALUES (22, 926, N'南州鄉')
INSERT [dbo].[region] ([cityID], [regionID], [regionname]) VALUES (22, 927, N'林邊鄉')
INSERT [dbo].[region] ([cityID], [regionID], [regionname]) VALUES (22, 928, N'東港鎮')
INSERT [dbo].[region] ([cityID], [regionID], [regionname]) VALUES (22, 929, N'琉球鄉')
INSERT [dbo].[region] ([cityID], [regionID], [regionname]) VALUES (22, 931, N'佳冬鄉')
INSERT [dbo].[region] ([cityID], [regionID], [regionname]) VALUES (22, 932, N'新園鄉')
INSERT [dbo].[region] ([cityID], [regionID], [regionname]) VALUES (22, 940, N'枋寮鄉')
INSERT [dbo].[region] ([cityID], [regionID], [regionname]) VALUES (22, 941, N'枋山鄉')
INSERT [dbo].[region] ([cityID], [regionID], [regionname]) VALUES (22, 942, N'春日鄉')
INSERT [dbo].[region] ([cityID], [regionID], [regionname]) VALUES (22, 943, N'獅子鄉')
INSERT [dbo].[region] ([cityID], [regionID], [regionname]) VALUES (22, 944, N'車城鄉')
INSERT [dbo].[region] ([cityID], [regionID], [regionname]) VALUES (22, 945, N'牡丹鄉')
INSERT [dbo].[region] ([cityID], [regionID], [regionname]) VALUES (22, 946, N'恆春鎮')
INSERT [dbo].[region] ([cityID], [regionID], [regionname]) VALUES (22, 947, N'滿州鄉')
INSERT [dbo].[region] ([cityID], [regionID], [regionname]) VALUES (23, 950, N'台東市')
INSERT [dbo].[region] ([cityID], [regionID], [regionname]) VALUES (23, 951, N'綠島鄉')
INSERT [dbo].[region] ([cityID], [regionID], [regionname]) VALUES (23, 952, N'蘭嶼鄉')
INSERT [dbo].[region] ([cityID], [regionID], [regionname]) VALUES (23, 953, N'延平鄉')
INSERT [dbo].[region] ([cityID], [regionID], [regionname]) VALUES (23, 954, N'卑南鄉')
INSERT [dbo].[region] ([cityID], [regionID], [regionname]) VALUES (23, 955, N'鹿野鄉')
INSERT [dbo].[region] ([cityID], [regionID], [regionname]) VALUES (23, 956, N'關山鎮')
INSERT [dbo].[region] ([cityID], [regionID], [regionname]) VALUES (23, 957, N'海端鄉')
INSERT [dbo].[region] ([cityID], [regionID], [regionname]) VALUES (23, 958, N'池上鄉')
INSERT [dbo].[region] ([cityID], [regionID], [regionname]) VALUES (23, 959, N'東河鄉')
INSERT [dbo].[region] ([cityID], [regionID], [regionname]) VALUES (23, 961, N'成功鎮')
INSERT [dbo].[region] ([cityID], [regionID], [regionname]) VALUES (23, 962, N'長濱鄉')
INSERT [dbo].[region] ([cityID], [regionID], [regionname]) VALUES (23, 963, N'太麻里鄉')
INSERT [dbo].[region] ([cityID], [regionID], [regionname]) VALUES (23, 964, N'金峰鄉')
INSERT [dbo].[region] ([cityID], [regionID], [regionname]) VALUES (23, 965, N'大武鄉')
INSERT [dbo].[region] ([cityID], [regionID], [regionname]) VALUES (23, 966, N'達仁鄉')
INSERT [dbo].[region] ([cityID], [regionID], [regionname]) VALUES (24, 970, N'花蓮市')
INSERT [dbo].[region] ([cityID], [regionID], [regionname]) VALUES (24, 971, N'新城鄉')
INSERT [dbo].[region] ([cityID], [regionID], [regionname]) VALUES (24, 972, N'秀林鄉')
INSERT [dbo].[region] ([cityID], [regionID], [regionname]) VALUES (24, 973, N'吉安鄉')
INSERT [dbo].[region] ([cityID], [regionID], [regionname]) VALUES (24, 974, N'壽豐鄉')
INSERT [dbo].[region] ([cityID], [regionID], [regionname]) VALUES (24, 975, N'鳳林鎮')
INSERT [dbo].[region] ([cityID], [regionID], [regionname]) VALUES (24, 976, N'光復鄉')
INSERT [dbo].[region] ([cityID], [regionID], [regionname]) VALUES (24, 977, N'豐濱鄉')
INSERT [dbo].[region] ([cityID], [regionID], [regionname]) VALUES (24, 978, N'瑞穗鄉')
INSERT [dbo].[region] ([cityID], [regionID], [regionname]) VALUES (24, 979, N'萬榮鄉')
INSERT [dbo].[region] ([cityID], [regionID], [regionname]) VALUES (24, 981, N'玉里鎮')
INSERT [dbo].[region] ([cityID], [regionID], [regionname]) VALUES (24, 982, N'卓溪鄉')
INSERT [dbo].[region] ([cityID], [regionID], [regionname]) VALUES (24, 983, N'富里鄉')
---完成新增區
--新增職業別
insert into profession (proID,proName)
values(1,'資訊科技'),
(2,'傳產製造'),
(3,'工商服務'),
(4,'民生服務'),
(5,'文教傳播')

---新增教育程度
insert into education (eduID,eduName)
values(1,'高中職'),
(2,'大學專科'),
(3,'研究所含以上')

---新增會員
insert into member (firstName,lastName,cityID,mobile,email,password)
values ('政憲1','黃',1,'0983305390','daniel001@hotmail.com','memexpert7401'),
('政憲2','黃',2,'0983305391','daniel002@hotmail.com','memexpert7402'),
('政憲3','黃',3,'0983305392','daniel003@hotmail.com','memexpert7403'),
('政憲4','黃',4,'0983305393','daniel004@hotmail.com','memexpert7404'),
('政憲5','黃',5,'0983305394','daniel005@hotmail.com','memexpert7405'),
('政憲6','黃',6,'0983305395','daniel006@hotmail.com','memexpert7406'),
('政憲7','黃',7,'0983305396','daniel007@hotmail.com','memexpert7407'),
('政憲8','黃',8,'0983305397','daniel008@hotmail.com','memexpert7408'),
('政憲9','黃',9,'0983305398','daniel009@hotmail.com','memexpert7409'),
('政憲10','黃',10,'0983305399','daniel010@hotmail.com','memexpert7410'),
('政憲11','黃',11,'0983305400','daniel011@hotmail.com','memexpert7411'),
('政憲12','黃',12,'0983305401','daniel012@hotmail.com','memexpert7412'),
('政憲13','黃',13,'0983305402','daniel013@hotmail.com','memexpert7413'),
('政憲14','黃',14,'0983305403','daniel014@hotmail.com','memexpert7414'),
('政憲15','黃',15,'0983305404','daniel015@hotmail.com','memexpert7415'),
('政憲16','黃',16,'0983305405','daniel016@hotmail.com','memexpert7416'),
('政憲17','黃',17,'0983305406','daniel017@hotmail.com','memexpert7417'),
('政憲18','黃',18,'0983305407','daniel018@hotmail.com','memexpert7418'),
('政憲19','黃',19,'0983305408','daniel019@hotmail.com','memexpert7419'),
('政憲20','黃',20,'0983305409','daniel020@hotmail.com','memexpert7420')

---新增電影
SET IDENTITY_INSERT [dbo].[Movie] ON
INSERT [dbo].[Movie] ([mvID], [mvNameC], [mvNameE], [mvStartDate], [mvEndDate], [mvDirector], [mvCast], [mvCom], [mvURL], [mvStory], [mvRank], [mvPreview], [mvLevelID], [mvTypeID]) VALUES (1, N'天后之戰', N'Faithball', CAST(0xCD360B00 AS Date), CAST(0x00380B00 AS Date), N'林立書 ', N'倪安東、劉香慈、許效舜、林美照', N'天后之戰股份有限公司', N'http://www.facebook.com/faithballthemovie', N'改編自真人真事。嘉義東石有支『爹不疼娘不愛』的青棒校隊：十東水產棒球隊，球員陣容七零八落，教練還是個不可靠的假洋派真痞子。每戰必敗的十東隊為了經費不惜出陣頭、賽龍舟、上山下海賺外快，竟誤打誤撞訓練出紮實球技。他們蓄勢待發的黑馬氣勢，就在當地信仰中心：配天宮抬出媽祖娘娘全力應援後正式引爆！脫胎換骨的十東隊在「金龍旗」如有神助，一路過關斬將；然而最終決戰的對手可是由同受媽祖娘娘庇護的強敵：港北高校！十東戰港北、天后對天后！這場信念與信仰的投打對決，是打開夢想大門的鑰匙？還是天后試探信徒的考驗？  「金龍旗」史上最不可思議的真實逆轉勝故事，熱血搬上大銀幕！《天后之戰》細膩刻畫台灣野球少年奮戰追夢歷程，全隊之間的堅定羈絆將深深打動觀眾的心，這是一部結合信仰狂熱、浪漫愛情與溫暖人情味的大場面勵志史詩，亦是媲美《陣頭》、《翻滾吧！阿信》的正宗熱血喜劇，讓您忍不住在戲院裡也為這群天兵搖旗吶喊、爆笑噴淚！', 1, N'http://tw.movie.yahoo.com/movieinfo_main.html/id=4513', 0,1)
INSERT [dbo].[Movie] ([mvID], [mvNameC], [mvNameE], [mvStartDate], [mvEndDate], [mvDirector], [mvCast], [mvCom], [mvURL], [mvStory], [mvRank], [mvPreview], [mvLevelID], [mvTypeID]) VALUES (2, N'鬼陰驚', N'Ghost Struck', CAST(0xEB360B00 AS Date), CAST(0x00380B00 AS Date), N'皮亞潘秋貝琦', N'拉查雯萬薇瑞亞、安蒂瑪琪娃娜查本、 湯本席瑞皮帕', N'峻龍國際', N'https://www.facebook.com/TONYJUNLONG', N'一對令人稱羨，郎才女貌的情侶，奧夫擁有著俊俏的面貌，表面上雖然專情，但卻背著女友劈腿，某天奧夫與小三:英約會時，被正牌女友吉茲撞見，事後奧夫辯稱絕對沒有對小三付出感情。這一番話語被被英聽到，傷心欲絕，萬念俱灰決定從摩天大廈頂樓跳下，一命歸西。然而奧夫並沒有挽回吉茲的心，也失去了英。  面貌姣好的吉茲在好友的幫助下，決定進軍演藝界，前途看似美好，但冥冥中似乎有股陰間不善，一個肉眼無法察覺的「人」跟著他…  周圍的朋友一個個離開，原本開心的拍攝旅程，恐懼慢慢地佔領吉茲…  這陰魂到底是誰?', 1, N'http://tw.movie.yahoo.com/movieinfo_main.html/id=4637', 3,1)
INSERT [dbo].[Movie] ([mvID], [mvNameC], [mvNameE], [mvStartDate], [mvEndDate], [mvDirector], [mvCast], [mvCom], [mvURL], [mvStory], [mvRank], [mvPreview], [mvLevelID], [mvTypeID]) VALUES (3, N'泰芮絲的寂愛人生', N'Therese Desqueyroux', CAST(0xF9360B00 AS Date), CAST(0x00380B00 AS Date), N'克勞德米勒', N'奧黛莉朵杜(Audrey Tautou)、吉爾勒路許(Gilles Lellouche)、安娜伊德慕斯提耶(Anais Demoustier)', N'威望國際', N'http://www.catchplay.com/movie/theresedesqueyroux', N'1920年代末的法國，泰芮絲嫁給了她迷人瀟灑的鄰居貝納，婚後他們移居到一個寬闊的郊區勝地，但很快她就對單調的生活和平庸的丈夫感到乏味，進而夢想著巴黎波希米亞式的刺激和生活。但在現實生活中，她還是說服自己隨遇而安，直到某日醉醺醺的貝納不知道自己竟喝下了致命的毒藥，但這起意外竟被認為是蓄意，遭到逮捕後，泰芮絲在遭逢喪夫陰霾的同時，還必須忍受不名之冤使她的家人感到羞恥，然而，她還是殷殷期盼著正義的到來…', 1, N'http://tw.movie.yahoo.com/movieinfo_main.html/id=4639', 0,1)
INSERT [dbo].[Movie] ([mvID], [mvNameC], [mvNameE], [mvStartDate], [mvEndDate], [mvDirector], [mvCast], [mvCom], [mvURL], [mvStory], [mvRank], [mvPreview], [mvLevelID], [mvTypeID]) VALUES (4, N'大尾鱸鰻', N'David Loman', CAST(0xB3360B00 AS Date), CAST(0x00380B00 AS Date), N'邱黎寬', N'豬哥亮、楊祐寧、郭采潔、陳博正、素珠、林美秀、王彩樺、苗可麗、康康、瑪利亞、馬念先、應蔚民、趙舜、葉復台、林照雄 、黃立成、邱逸峰、湯尼陳、陳光前、楊昇達', N'美商華納兄弟公司台灣分公司', N'https://www.facebook.com/DavidLoman2013', N'英雄不怕出身低！黑社會也要UPDATE! 時來運轉！小咖變大尾！豬哥亮一人分飾兩角的剪貼人生！  民國80年代，台灣還不是今天那麼大都會化的社會，在鄉下擔任攝影師的豬哥(本名朱大德/豬哥亮飾)，獨自撫養一女-朱小芹(郭采潔飾)。豬哥最愛對小芹講述鄉野傳奇、英雄故事，而在小芹的心目中，爸爸就是這些英雄的化身，看著爸爸唱作俱佳地為自己說故事，也是她童年最美好的回憶…  一天，「時來運轉」，命運之手把豬哥貼在別人的位置上，取代了黑幫老大奇大，小咖居然變成了地方角頭，這時台灣社會也起了變化，黑幫開始也要國際化、企業化，豬哥於是改名為「David Loman（台語:大尾鱸鰻）」、簡稱「大尾」，幫派社團也要用網上粉絲團聯絡運作！  父女平靜美好的小日子起了變化。豬哥外冷心熱，實際上只是一個利用老大的架勢來處理厝邊頭尾疑難雜症、暗地裡幫忙鄉親的里長伯，但他事務繁忙，慢慢在女兒的生命中缺席…叛逆的小芹因此選擇到修車場工作，用和機械金屬相處的冷漠態度，對待曾經最愛的老爸，作為報復...  宅男系的便利商店工讀生小賀(楊祐寧飾)，成天沉溺在幻想的世界裡，總認為自己是剷奸除惡的超人，希望有一天跟超人一樣，遇到能在他手掌心落下一滴眼淚的女孩露意絲（以下省略宅男的幻想500字…）他有個長像跟大尾幾乎一模一樣的老爸，經營風水館的老賀(豬哥亮 分飾)；父子倆人因為觀念的不同時常爭執，雖然表面上彼此嫌棄，但內心都十分關愛對方。  命運之手再次伸向大尾，在一次因緣際會下，大尾與老賀互換了身分，沒想到老賀竟代替了大尾死於小奇大（康康 飾）策劃的暗殺中。大尾借別人的名字再活了一次，也繼承了另外一個意外的人生，譬如，突然多了三個老婆「大中小三朵花」（素珠、林秀美、王彩樺分飾），讓他啼笑皆非！  對老賀萬分虧欠的大尾誓言要替老賀報仇，並說服小賀一起組成了『DL特攻隊』，為這個萬惡城市伸張正義。而愛行俠仗義的小芹加入『DL特攻隊』，她早就看出老爸在演在別人，奇妙的是，在別人的身份之中，她漸漸了解她自己的老爸，她和小賀也慢慢的愛上對方...  『DL特攻隊』的義行透過新聞媒體而聲名遠播，但邪惡勢力沒這麼輕易放過他們；在最後一次的行動中，『DL特攻隊』偷偷跟菜市場隱士絕世高手豬肉西（阿西飾）拜師學武，使出大絕招，也藉由「三朵花」的幫助，一舉殲滅邪惡力量。  小芹對老爸改觀，小賀也漸漸地喜歡上這個另類的「新老爸」；愛，不是恨，才是人生的重心及目標。至於豬哥呢？他演過「大尾」也演過「風水師老賀」，得到了「事業」，但失去過女兒，他真正的人生何時才要開始呢？他要怎麼選擇？', 1, N'http://tw.movie.yahoo.com/movieinfo_main.html/id=4594', 2,1)
INSERT [dbo].[Movie] ([mvID], [mvNameC], [mvNameE], [mvStartDate], [mvEndDate], [mvDirector], [mvCast], [mvCom], [mvURL], [mvStory], [mvRank], [mvPreview], [mvLevelID], [mvTypeID]) VALUES (5, N'悲慘世界', N'Les Miserables', CAST(0xBA360B00 AS Date), CAST(0x00380B00 AS Date), N'湯姆霍伯', N'安海瑟威、休傑克曼、羅素克洛、亞曼達席菲德', N'環球影業', N'https://www.facebook.com/UniversalTaiwan', N'西元1815年，土倫／第?：經過十九年的牢獄之災（曲目「Look Down」），警官賈維（羅素克洛飾演）終於釋放編號24601的囚犯尚萬強（休傑克曼飾演）。尚萬強努力從土倫前往第?生活（曲目「Freedom Is Mine」），只求溫飽、遮風避雨的地方、謀生的工作，這才發現自己遭到社會放逐。唯有米里哀主教（寇姆威爾金森飾演，他在倫敦舞台劇與百老匯飾演過尚萬強）待他親切，但尚萬強過久了苦日子，竟然起了貪念，偷走教堂的銀燭台，不久就被逮捕，沒想到主教竟然說他沒偷東西，請警察放了他，從此以後，尚萬強決定展開新的人生（曲目「What Have I Done?」）。1823年，濱海蒙特勒伊市：八年過去了，尚萬強違反假釋規定，人間蒸發，他賣了主教的銀燭台，靠這筆錢改變自己，變成蒙特勒伊市市長。他現在是人人尊敬的市長與工廠老闆。他手下的女工芳婷（安海瑟威飾演）有一個私生女，名叫珂賽特，每個月都要寄錢給珂賽特的寄養父母。其他女工發現這個秘密，就覺得芳婷拒絕工廠領班的追求，只是在假惺惺罷了（曲目「At the End of the Day」），結果領班毫不留情就把她開除了。  芳婷拜託尚萬強幫忙，他卻有要事要忙。現在賈維成了督察，他在工廠巧遇改名為馬德藍的尚萬強。賈維覺得似曾相識，但尚萬強馬上回他認錯人了。此時，工廠外面發生車禍，他們一起趕到現場。賈維沒想到尚萬強抬得起一輛馬車，馬車壓在佛修魯曼身上（史蒂芬泰特飾演，他在倫敦舞台劇扮演好幾年德納第先生）。市長力大無比，讓賈維想起犯人尚萬強，但他還不敢確定。芳婷急需用錢，支付女兒的醫藥費，只好跑到紅燈區（曲目「Lovely Ladies」），賣了心愛的首飾、秀髮、牙齒，甚至加入妓女的行列賣起身來（曲目「I Dreamed a Dream」）。她墮落到了極點，還和粗暴的尋芳客發生衝突，差點遭到賈維逮捕，還好市長也在現場，請求賈維先把她送醫。芳婷告訴尚萬強，她被工廠領班開除，尚萬強竟然冷眼旁觀，導致她女兒快病死了。尚萬強震驚之餘，答應芳婷會去蒙特勒伊市的酒館一趟，帶回她的女兒，讓她們母女團圓。後來賈維聽說，他追捕八年的犯人尚萬強終於落網了，他特地向馬德藍市長道歉，說自己錯怪他了。尚萬強假裝鎮定，匆匆趕回家。尚萬強不忍心見到冤獄，不顧一切衝進法庭，承認他才是真正的尚萬強，編號24601（曲目「Who Am I?」）。尚萬強接著來到醫院，他答應臨死的芳婷，他會找到珂賽特，把她撫養長大（曲目「Take My Hand」）。芳婷斷氣，賈維趕到醫院逮捕尚萬強。兩個人相互扭打（曲目「The Confrontation」），尚萬強準備逃跑。年幼的珂賽特（新秀伊莎貝爾艾倫飾演）跟德納第夫婦（分別由薩夏拜倫柯恩與海倫娜寶漢卡特飾演）住在蒙德勒伊市，這對夫婦疼愛親生女兒愛波寧（新秀娜塔雅華萊斯），卻虐待珂賽特。德納第夫婦經營酒館，經常佔客人便宜（曲目「Master of the House」）。  尚萬強在酒館附近的森林，發現珂賽特凍得發抖，他付錢給德納第夫婦，打算帶走珂賽特，前往巴黎（曲目「The Bargain」）。尚萬強和珂賽特前腳一走，賈維後腳就來，他在心底咒罵尚萬強再一次躲過他的追捕。尚萬強帶著珂賽特逃往巴黎，尚萬強對珂賽特的愛勝過一切（「Suddenly」，製作團隊特地為電影版譜寫的新歌），可惜沒時間沈溺於父女之情。賈維緊跟在後，尚萬強和珂賽特到達巴黎之後，就在修道院求宿，巧遇尚萬強救過一命的佛修魯曼，那天晚上，賈維向沈睡的城鎮發誓，絕對要逮捕尚萬強（「Stars」）。西元1832年，巴黎：九年後，人民的領導拉馬克將軍病危，革命就快爆發了，因為拉馬克將軍一死，政府就沒有人會同情人民。我們跟隨鬥志高昂的街頭小頑童伽弗洛什（丹尼爾哈托史東飾演）四處逛逛（「Look Down」）。一群有政治意識的學生在街頭集結，帶頭的是馬里歐（艾迪瑞德曼飾演）與安佐拉（亞倫泰特飾演），安佐拉負責召集群眾，這時一位年輕貌美的街頭女霸王愛波寧（薩曼莎巴克斯飾演）深情款款看著馬里歐，期待和他共譜戀曲。那天稍晚，德納第夫婦率領的小混混襲擊尚萬強，以及一位美麗的少女，原來她就是長大成人的珂賽特（亞曼達席菲德飾演），珂賽特正在救濟乞丐。  馬里歐注意到珂賽特，眼神無法從她身上移開。這就是一見鍾情。就在那個時候，賈維來維持秩序，卻沒有認出尚萬強。愛波寧答應馬里歐幫他找到珂賽特，但心不甘情不願。拉馬克將軍的死訊傳遍巴黎，學生再度集結，支持革命（曲目「Red and Black」），可是馬里歐心不在焉，滿腦子都想著珂賽特（曲目「In My Life」）。愛波寧帶馬里歐來找珂賽特（曲目「In My Life」、「A Heart Full of Love」），卻發現她父親正在搶劫尚萬強的家。尚萬強以為是追捕他的賈維，想要帶珂賽特離開。珂賽特馬上留紙條給馬里歐，讓他知道他們的去處，這時正好碰到愛波寧，她請愛波寧幫忙轉交。愛波寧拿著紙條，獨自走在巴黎街頭，神情落寞（曲目「On My Own」），終於來到馬里歐的公寓。她心碎不已，沒有交出紙條，只告訴馬里歐，珂賽特離開法國前往英國。至於組曲「On Day More」，裡面有好幾條故事主線：尚萬強和珂賽特逃亡英國，馬里歐思念珂賽特，愛波寧失戀傷心，安佐拉與學生準備革命用的彈藥，賈維鼓舞他的手下，誓言鎮壓這場暴動。馬里歐帶領學生來到街頭 （曲目「Do You Hear the People Sing?」），呼籲民眾起身革命。士兵發動第一波攻擊，學生四處逃散，跑回他們的基地，準備在那裡建造堡壘，作為終極防線。愛波寧女扮男裝，混入馬里歐的陣營，賈維當起內奸，被眼尖的伽弗洛什一眼拆穿，淪為學生的人質。學生不顧士兵的警告，持續建造堡壘。愛波寧捨身保護馬里歐而死（曲目「A Little Fall of Rain」），就在死前一刻，她把珂賽特的紙條交給馬里歐。馬里歐拜託伽弗洛什傳紙條給珂賽特，卻被尚萬強攔截。尚萬強這才明白，馬里歐和珂賽特彼此相愛，也知道這群學生沒有勝算，他決定去找馬里歐。尚萬強進入堡壘，不久就發現賈維變成人質。尚萬強要學生小心狙擊兵，並展示他的忠誠，還拜託安佐拉把賈維交給他處置。  尚萬強明明有機會殺了賈維，卻對他展現慈悲。學生躲在堡壘，度過漫長的一晚（曲目「Drink with Me」），一片死寂，尚萬強乞求上天，讓馬里歐平安回家（曲目「Bring Him Home」）。隔天，伽弗洛什自告奮勇，卻遭到士兵殺害。軍隊轟炸革命人士，經過一連串猛攻，馬里歐受傷了。尚萬強抬著失去意識的馬里歐，躲過殘忍的大屠殺。安佐拉以及僅存的革命人士都一命嗚呼了。賈維踩過這些屍體，冷酷無情看著法律戰勝革命，卻沒有發現尚萬強，直到他發現一個下水道…尚萬強拖著馬里歐穿越下水道，德納第正在搜刮死者的財物，一走出下水道，就看到賈維在等他。尚萬強拜託賈維給他時間，把馬里歐送醫，但賈維出言警告，要是尚萬強敢逃跑，他就大開殺戒，但尚萬強就是不停下腳步，賈維也遲遲不扣扳機。賈維放尚萬強一馬，卻受不了自己打破正義原則，於是跳河自盡。馬里歐不知道誰救了自己，他睡在祖父的家（派翠克哥德費飾演祖父），被噩夢驚醒。馬里歐還很虛弱，他回到學生策劃革命的咖啡廳，悼念他的同袍（曲目「Empty Chairs at Empty Tables」）。正當他轉身離開，看到珂賽特在外面等著他。馬里歐回到祖父的家，經過珂賽特的悉心照料，他康復了，尚萬強終於坦承他的過去。尚萬強覺得自己必須離開，否則他被逮捕，會害珂賽特蒙羞（曲目「Who Am I?」），尚萬強要馬里歐答應他，不把這些告訴珂賽特。馬里歐和珂賽特結婚，就在婚宴上，德納第敲詐馬里歐，不然就要說出尚萬強的真實身份。馬里歐看到德納第那天晚上搜刮的戒指，就明白自己的救命恩人是尚萬強。他把德納第轟走，德納第夫婦邊走邊咒罵（曲目「Beggars at the Feast」）。  珂賽特和馬里歐一起趕到修道院，瞭解她的身世。他們陪伴尚萬強到最後一刻，主教以及芳婷的鬼魂也出現了（曲目「Take My Hand」）。多年以後，成千上萬巴黎人民起身革命，新共和誕生了。群眾聚在雄偉的堡壘（曲目「Do You Hear People Sing?」），其中還有安佐拉、受難學生、愛波寧、芳婷與尚萬強的鬼魂，一同慶祝人民的勝利。', 1, N'http://tw.movie.yahoo.com/movieinfo_main.html/id=4334', 1,1)
INSERT [dbo].[Movie] ([mvID], [mvNameC], [mvNameE], [mvStartDate], [mvEndDate], [mvDirector], [mvCast], [mvCom], [mvURL], [mvStory], [mvRank], [mvPreview], [mvLevelID], [mvTypeID]) VALUES (6, N'終極警探：跨國救援', N'A GOOD DAY TO DIE HARD', CAST(0xBA360B00 AS Date), CAST(0x00380B00 AS Date), N'約翰摩爾', N'布魯斯威利', N'福斯', N'http://www.foxmovies.com.tw/', N'由布魯斯威利所飾演的這位超級“平凡英雄”約翰麥克連引領大家進入蘇俄的莫斯科，開始了一段讓人難以喘息的火爆旅程，老爸希望將闖禍的兒子帶回美國，卻意外發現，傑克是在當地為美國的CIA執行一項驚天動地的任務，他必須要及時化解一場可能發生的核武搶劫災難，迫使這對原本就意見不合的父子必須一起出生入死，他們一定要共同合作，衝出危險，即使個性迥異，衝突不斷，卻也因為血濃於水的親情，開始合作無間，共同解決一觸即發的災難，也意外地變成全新的另類英雄!', 1, N'http://tw.movie.yahoo.com/movieinfo_main.html/id=4493', 0,1)
INSERT [dbo].[Movie] ([mvID], [mvNameC], [mvNameE], [mvStartDate], [mvEndDate], [mvDirector], [mvCast], [mvCom], [mvURL], [mvStory], [mvRank], [mvPreview], [mvLevelID], [mvTypeID]) VALUES (7, N'派特的幸福劇本', N'Silver Linings Playbook', CAST(0xC8360B00 AS Date), CAST(0x00380B00 AS Date), N'大衛歐羅素', N'萊德利庫柏、珍妮佛勞倫斯、勞勃狄尼洛、茱麗亞史緹爾、克里斯塔克', N'威望國際', N'http://www.catchplay.com/thesilverliningsplaybook', N'前歷史老師派特（布萊德利庫柏 飾）在精神病院待了八個月後終於出院，現在的他與爸媽住在一起。而出院後他最想做的事，就是和離異的妻子重修舊好。派特不願接受他和妻子的關係已經沒有挽回的餘地，仍試著要改變自己，每天都努力著要讓自己成為妻子心目中理想的對象。然而此時他的生命中卻闖入了另一個女人：好友朗尼的寡婦小姨子蒂芬妮（珍妮佛勞倫斯 飾），她總在派特練習長跑的時候突然冒出來跟著他，漸漸地，這兩人在日復一日的交集相處下，他們之間的關係便開始產生了微妙的變化…', 1, N'http://tw.movie.yahoo.com/movieinfo_main.html/id=4533', 2,1)
INSERT [dbo].[Movie] ([mvID], [mvNameC], [mvNameE], [mvStartDate], [mvEndDate], [mvDirector], [mvCast], [mvCom], [mvURL], [mvStory], [mvRank], [mvPreview], [mvLevelID], [mvTypeID]) VALUES (8, N'志氣', N'Step Back to Glory', CAST(0xBA360B00 AS Date), CAST(0x00380B00 AS Date), N'張柏瑞', N'郭書瑤、莊凱勛、楊千霈、于美人、陳幼芳、高玉珊、蹦蹦哥、昆凌', N'威視電影', N'http://www.facebook.com/AspirationOfTOW', N'所有的運動都是往前衝刺、爭取勝利 只有拔河，為了爭取榮耀，卻是要一步步的往後退……  一條簡單的繩子，卻繫著十個繩力女孩們的命運，她們雙手緊握這條繩，憑著毅力、汗水與淚水，與對手比賽拔河外，也和自己的未來進行拔河，在人生的道路上，這群女孩成為彼此的支柱，她們認份不認命，因為命運掌握在自己的手裡，只要努力，就能出人頭地…。  春英（郭書瑤 飾），一個來自鄉下，從小由奶奶扶養長大的小孩，春英這名字是阿嬤幫她取的，期許她的人生有存擱有閒，獨自一人離鄉背井來到台北就學，春英代表著大部份拔河隊同學，大部份來自單親和經濟狀況不佳的家庭，但這些孩子非常的樂觀，也因為沒有退路的家庭背景，使得她們在課業及拔河的訓練，比一般人更加努力並累積了深厚的情誼。個性堅韌的春英，在訓練的過程中，漸漸地融入拔河隊這個大家庭，在郭教練（莊凱勛 飾）嚴厲帶領，以及熱心溫柔的吳老師（楊千霈 飾）輔導下，春英除了體能上極大的挑戰及挫折，還要面對少數師長及升學成績壓力的偏見中努力，在身體與心理的重重挑戰下，春英和拔河女孩們用汗水與毅力，一步一腳印，用力拉出屬於她們的一片天，贏得世界盃的拔河冠軍，向全世界證明她們的志氣！  由新銳導演張柏瑞執導，將2010年景美女中拔河隊勇奪世界冠軍的真實故事熱血搬上大銀幕，找來郭書瑤、莊凱勛、楊千霈、于美人、陳幼芳、高玉珊、蹦蹦哥、昆凌等多位優秀台灣演員攜手主演，2013年農曆春節檔最勵志熱血的感人國片【志氣】，是一部結合歡笑與淚水的青春電影，展現了年輕女孩們樂觀進取的強大力量，在大銀幕上將帶給觀眾溫暖的感動！', 1, N'http://tw.movie.yahoo.com/movieinfo_main.html/id=4522', 0,1)
INSERT [dbo].[Movie] ([mvID], [mvNameC], [mvNameE], [mvStartDate], [mvEndDate], [mvDirector], [mvCast], [mvCom], [mvURL], [mvStory], [mvRank], [mvPreview], [mvLevelID], [mvTypeID]) VALUES (9, N'殭屍哪有這麼帥', N'Warm Bodies', CAST(0xCD360B00 AS Date), CAST(0x00380B00 AS Date), N'喬納森萊文', N'尼可拉斯霍特、泰瑞莎帕瑪', N'龍祥', N'https://www.facebook.com/lsmovie', N'改編自全球暢銷小說的《殭屍哪有這麼帥》，是一部超乎想像、全新類型的殭屍動作愛情喜劇，描述美麗人類女孩和敏感殭屍男孩之間，完全違反常理的一段不可能的戀情，而他們的愛情，竟觸發了一連串改變世界的動力。  劇情描述一場末日浩劫後的未來，神祕的病毒毀滅了文明，受害者喪失過去的記憶，變身為吃活人的殭屍，倖存的人類建立起堅固的高牆堡壘，以防止飢餓的殭屍們，成群結隊闖進來獵食…。然而，這種看似傳統活屍片的背景設定，卻因男主角R（尼可拉斯霍特 飾）的出現而顛覆一切！  R是個沒有記憶、心跳的殭屍，卻懷抱著許多夢想，他的內心世界充滿驚奇與渴望。某日R正在獵食人類時，竟然煞到了一位溫暖、燦爛的活生生女孩茱莉（泰瑞莎帕瑪 飾），R不但沒吃掉她的腦袋，還決定救她一命，讓她免於遭受R的殭屍同伴吞噬。 對原本形如槁木死灰的R而言，茱莉的出現，簡直是蒼灰陰鬱中一抹奔放豔麗的色彩。於是一段緊張而又異常溫柔的甜蜜關係就此展開。  R悄悄把茱莉帶回他稱為家的地方，即一座滿佈殭屍的機場，並讓她躲在一架廢棄的747波音客機上，裡面有他到處搜集而來的「寶藏」，包括黑膠唱片、雪景水晶球、樂器等。接下來的幾天，他們在這個隱匿處意外地共度了愜意的日子，在不知不覺之中，活潑的茱莉喚起R遺忘已久的人性情感，而她也開始瞭解到他不只是個慢動作、眼神呆滯的行屍走肉。  茱莉很困惑自己對於R的感情，於是帶著複雜情緒返回人類城市。她父親（約翰馬可維奇 飾）是無情的殭屍獵人，領導人類大軍捍衛他們僅存的高牆家園。同時，害相思病的R開始產生前所未有的改變，他相信自己與茱莉的相知相惜能夠拯救無論是生是死的人類，不過他出現在她家門口時，很快就掀起活人和殭屍之間的全面性混戰，而這也威脅到這一對奇蹟戀人未來能否在一起的可貴機會。  這種事從沒發生過，不但不合邏輯，也違背了規矩，不但改變了R，也改變他的殭屍同伴，甚至讓死氣沈沈的世界出現了生機。然而，在那陰森腐敗的世界裡，想要完成夢想，他們還需要一場革命…。', 1, N'http://tw.movie.yahoo.com/movieinfo_main.html/id=4592', 2,1)
INSERT [dbo].[Movie] ([mvID], [mvNameC], [mvNameE], [mvStartDate], [mvEndDate], [mvDirector], [mvCast], [mvCom], [mvURL], [mvStory], [mvRank], [mvPreview], [mvLevelID], [mvTypeID]) VALUES (10, N'少年Pi的奇幻漂流', N'Life of Pi', CAST(0x6B360B00 AS Date), CAST(0x00380B00 AS Date), N'李安', N'蘇瑞吉 ˙沙瑪、《大鼻子情聖》傑哈．德巴狄厄、《貧民百萬富翁》伊凡甘', N'福斯', N'http://www.lifeofpimovie.com/', N'《少年Pi的奇幻漂流》是根據全球暢銷小說家楊?馬泰爾所撰寫的同名小說改編而成的3D史詩奇幻鉅作，並由奧斯卡獎導演李安親自執導，是敘述一位少年在海上克服一切艱難困境獲得重生的故事。在創新的電影3D科技的結合下，《少年Pi的奇幻漂流》引領所有觀眾進入一個前所未有的史詩冒險旅程，充滿啟發並觸發心弦深處的悸動，讓整個探索之旅提升至另一個全新領域，共同見證史無前例的視覺新饗宴，帶給您永難忘懷的絕妙體驗!', 1, N'http://tw.movie.yahoo.com/movieinfo_main.html/id=4376', 0,1)
INSERT [dbo].[Movie] ([mvID], [mvNameC], [mvNameE], [mvStartDate], [mvEndDate], [mvDirector], [mvCast], [mvCom], [mvURL], [mvStory], [mvRank], [mvPreview], [mvLevelID], [mvTypeID]) VALUES (11, N'007 空降危機', N'SKYFALL', CAST(0x58360B00 AS Date), CAST(0x00380B00 AS Date), N'山姆曼德斯', N'丹尼爾克雷格、茱蒂丹契、雷夫范恩斯、哈維巴登、荷妮絲瑪赫洛', N'博偉', N'http://www.skyfall-movie.com/site/', N'2012 年是007系列電影推出50週年，第一集《007 第七號情報員》於1962年推出後，詹姆斯龐德自此成為影史經典人物。《007 空降危機》的故事將描述龐德的上司M夫人遭到威脅，龐德的忠誠度再度面臨質疑考驗，為了拯救總部MI6，龐德將不惜賠上個人一切，出面拯救危機。', 1, N'http://tw.movie.yahoo.com/movieinfo_main.html/id=4170', 2,1)
INSERT [dbo].[Movie] ([mvID], [mvNameC], [mvNameE], [mvStartDate], [mvEndDate], [mvDirector], [mvCast], [mvCom], [mvURL], [mvStory], [mvRank], [mvPreview], [mvLevelID], [mvTypeID]) VALUES (12, N'亞果出任務', N'ARGO', CAST(0x4A360B00 AS Date), CAST(0x00380B00 AS Date), N'班艾佛列克', N'班艾佛列克、亞倫阿金、布萊恩克萊斯頓、約翰古德曼', N'華納兄弟', N'http://argothemovie.warnerbros.com/', N'《亞果出任務》改編自真實事件，記錄一場攸關生死的臥底行動，揭開在伊朗人質危機下為了解救6名美國人的幕後祕辛，這些真相已隱瞞世人幾十年之久。  這部驚悚劇情片由奧斯卡獎得主班艾佛列克（《竊盜城》、《心靈捕手》）自導自演，製片包括奧斯卡獎得主喬治庫隆尼（《諜對諜》）、奧斯卡獎提名者葛蘭海斯洛夫（《晚安，祝你好運.》）及班艾佛列克。  1979年11月4日， 當伊朗革命到達沸點，一群激進份子衝入德黑蘭的美國大使館，挾持走52名美國人質，不過正當混亂中，有6名美國人設法溜走並躲進加拿大大使的家中。中情局「敵後淨空」（exfiltration）專家東尼曼德茲（班艾佛列克 飾）瞭解這6人被殺只是遲早的事，但是他想出一個也許能使他們安全離開伊朗的冒險計劃。這個計劃太不可思議，甚至只可能在電影中發生，《亞果出任務》的主要卡司還包括奧斯卡金獎男星亞倫阿金（《小太陽的願望》）、布萊恩克萊斯頓（電視影集《絕命毒師》）及約翰古德曼（《死亡醫生》）；其他卡司包括凱莉畢許、凱爾錢德勒、羅利考克蘭、克里斯多夫丹漢、泰特唐納文、可莉杜瓦、維克托嘉柏、塞利柯艾文克、理查凱德、史古特麥奈利、克里斯梅西納、麥可帕克斯及泰勒西林。  編劇是克里斯泰利歐，改編自安東尼歐曼德茲所著《偽裝大師》（暫譯，Master in Disguise）中的精選故事，大衛克羅文斯、克里斯布里翰、葛拉漢金、提姆海丁頓、克里卡特和妮娜沃拉斯基擔任執行製片。  幕後創意團包括奧斯卡獎奧斯卡獎提名攝影指導羅德里哥普里托（《斷背山》）、雪倫西摩爾（《竊盜城》）、奧斯卡獎提名剪輯威廉高柏（《奔騰年代》、《驚爆內幕》）及奧斯卡獎提名服裝設計賈桂琳魏斯特（《社群網戰》、《班傑明的奇幻旅程》）。', 1, N'http://tw.movie.yahoo.com/movieinfo_main.html/id=4455', 2,1)
INSERT [dbo].[Movie] ([mvID], [mvNameC], [mvNameE], [mvStartDate], [mvEndDate], [mvDirector], [mvCast], [mvCom], [mvURL], [mvStory], [mvRank], [mvPreview], [mvLevelID], [mvTypeID]) VALUES (13, N'即刻救援2', N'Taken 2', CAST(0x3C360B00 AS Date), CAST(0x00380B00 AS Date), N'奧利維麥格頓', N'連恩尼遜', N'福斯', N'http://www.foxdigitalhd.com/taken2/', N'『我不知道你是誰，也不知道你要什麼，如果你想談判，告訴你我沒有錢，我有的僅是非常特殊的技能，經過千錘百煉的技能，對於你這種人來說，那技能是噩夢，到那時你就死定了!』  2008年票房口碑雙贏的《即刻救援Taken》將於今年推出續集《即刻救援2 Taken2》。繼上一集女兒小琴到法國玩被綁架的精采營救行動後，本集的劇情再次向外延伸，由這位超級前中情局探員布萊恩偕同前妻與女兒到伊斯坦堡渡假開始，因為之前布萊恩在拯救女兒的過程中殺死了幾個黑幫分子，他們的家人們誓言復仇，早在伊斯坦堡佈下天羅地網等待他們，接著便開始了一連串的綁架行動，第一個受害的就是布萊恩的前妻，讓他措手不及，下一個目標就是他們父女，布萊恩必須在這個最短的時間想出解決的辦法，要同時解救他的愛妻，並且避免下一個家人受害，火爆刺激的救援行動一觸即發，布萊恩將再次使出渾身絕技，讓全家人及時脫困，他要讓這群歹徒知道，只要膽敢驚動他的家人，就是這些人此生最嚴重的錯誤!', 1, N'http://tw.movie.yahoo.com/movieinfo_main.html/id=4388', 2,1)
INSERT [dbo].[Movie] ([mvID], [mvNameC], [mvNameE], [mvStartDate], [mvEndDate], [mvDirector], [mvCast], [mvCom], [mvURL], [mvStory], [mvRank], [mvPreview], [mvLevelID], [mvTypeID]) VALUES (14, N'神鬼認證4', N'The Bourne Legacy', CAST(0x03360B00 AS Date), CAST(0x00380B00 AS Date), N'《神鬼認證》湯尼吉洛伊', N'《不可能的任務：鬼影行動》傑瑞米雷納、《靈異豪宅》瑞秋懷茲、《無敵浩克》艾德華諾頓、《神鬼認證》瓊愛倫、《神鬼認證》亞伯特芬尼', N'環球', N'http://www.uip.com.tw/bournelegacy', N'賣座電影《神鬼認證》系列，2012年暑假推出第4集。本片是前三集的外傳，導演表示傑森包恩(麥特戴蒙 飾)永遠不會被取代，只是不會在這一集中出現，並隨時歡迎傑森包恩歸隊。故事講述一名隱匿身分的政府特工亞倫克洛斯(傑瑞米雷納 飾)，執行一項更加危險的任務。', 1, N'http://tw.movie.yahoo.com/movieinfo_main.html/id=4195', 2,1)
INSERT [dbo].[Movie] ([mvID], [mvNameC], [mvNameE], [mvStartDate], [mvEndDate], [mvDirector], [mvCast], [mvCom], [mvURL], [mvStory], [mvRank], [mvPreview], [mvLevelID], [mvTypeID]) VALUES (15, N'熊麻吉', N'Ted', CAST(0xE0350B00 AS Date), CAST(0x00380B00 AS Date), N'Seth MacFarlane', N'《禁運品》馬克華柏格(Mark Wahlberg)、《好友萬萬睡》蜜拉庫妮絲(Mila Kunis)、(配音)《蓋酷家庭》塞思麥克法蘭(SETH MACFARLANE)', N'環球', N'http://www.uip.com.tw/ted', N'環球影片年度爆笑鉅獻，講述一個人小時候許願想讓自己的泰迪熊活過來，結果他的願望成真，但從此這隻玩具熊就一直跟他形影不離，甚至當他成年後也是如此，為他帶來不少困擾。', 1, N'http://tw.movie.yahoo.com/movieinfo_main.html/id=4271', 0,1)
INSERT [dbo].[Movie] ([mvID], [mvNameC], [mvNameE], [mvStartDate], [mvEndDate], [mvDirector], [mvCast], [mvCom], [mvURL], [mvStory], [mvRank], [mvPreview], [mvLevelID], [mvTypeID]) VALUES (16, N'官賤對決', N'THE CAMPAIGN', CAST(0x3C360B00 AS Date), CAST(0x00380B00 AS Date), N'傑洛奇', N'威爾法洛、查克葛里芬納奇、傑森蘇戴西斯、狄倫麥德蒙、凱瑟琳拉納薩、約翰李斯高、丹艾克洛德、布萊恩考克斯', N'華納兄弟', N'未提供', N'在全國性的大選來臨之際，長青國會議員坎姆布萊帝（威爾法洛 飾）不慎在公開場合失態，於是一對口袋很深的執行長搭擋策劃推舉一名敵對候選人，想要在其地盤北卡羅萊納區造成影響力，而他們的人選就是菜鳥新人馬帝哈金斯（查克葛里芬納奇 飾），是當地旅遊中心的主任。  起先，馬帝似乎是最不被人看好的選擇，不過由於新贊助者的支持和金援到位，再加上拼命三郎般的競選經理及其家族的政治人脈， 他得快成為魅力政客坎姆不容小覷的黑馬候選人。  隨著選舉日逐漸逼近，這兩人的激烈競爭依然僵持不下，而且很快就演變成勢不兩立、水火不容的情況，他們傾全力互相毀謗和中傷，想盡辦法玩陰，耍賤招陷害、弄臭對方，誓言鬥個你死我活。', 1, N'http://tw.movie.yahoo.com/movieinfo_main.html/id=4326', 2,1)
INSERT [dbo].[Movie] ([mvID], [mvNameC], [mvNameE], [mvStartDate], [mvEndDate], [mvDirector], [mvCast], [mvCom], [mvURL], [mvStory], [mvRank], [mvPreview], [mvLevelID], [mvTypeID]) VALUES (17, N'普羅米修斯', N'PROMETHEUS', CAST(0xC3350B00 AS Date), CAST(0x00380B00 AS Date), N'《神鬼戰士》雷利史考特', N'《X戰警:第一戰》麥克 法斯班德、《女魔頭》莎莉賽隆、《福爾摩斯：詭影遊戲》 歐蜜瑞佩斯', N'福斯', N'http://www.foxmovies.com.tw/prometheus/', N'探索人類起源 可能自取滅亡  今年暑假，叱吒好萊塢多年並以產量與質量備受肯定與尊重的大導演雷利史考特，回歸由他立下典範的科幻動作冒險類型，即將打造一部具史詩氣勢的現代神話《普羅米修斯》，以高質感3D帶領觀眾經歷一場壯闊的探險!  一群探險家進行太空探測時，發現了地球人類起源的線索，進而引領他們直探宇宙最黑暗的角落。為了整體人類未來的存亡關鍵，這群已脫離地球的探險家，在考驗意志力與耐力底線的同時，必須在浩翰的外太空面對一場驚心動魄的磅礡冒險!', 1, N'http://tw.movie.yahoo.com/movieinfo_main.html/id=4213', 2,1)
INSERT [dbo].[Movie] ([mvID], [mvNameC], [mvNameE], [mvStartDate], [mvEndDate], [mvDirector], [mvCast], [mvCom], [mvURL], [mvStory], [mvRank], [mvPreview], [mvLevelID], [mvTypeID]) VALUES (18, N'怪獸大學', N'Monsters University', CAST(0x46370B00 AS Date), CAST(0x00380B00 AS Date), N'《Cars》丹斯坎隆(Dan Scanlon)', N'(配音)約翰古德曼、比利克里斯多', N'博偉', N'http://monstersuniversity.com/', N'在「怪獸電力公司」中業績最好的毛怪與搭檔大眼仔也有曾經輕狂枉少年的時期。這對絕佳拍檔第一次見到彼此是當年剛進入「怪獸大學」時，原來每一個怪獸並不是生來就會嚇人，他們也是需要上大學進修，才能掌握嚇人技巧，而「怪獸大學」就是在怪獸世界中一所培育嚇人技巧的最高學府，當時的大眼仔是個還戴著牙套的書呆子，而毛怪則是在校的風雲人物，兩人碰巧成為同寢室的室友，但一開始這對歡喜冤家完全不能忍受彼此。但隨著兩人的相處與摩合，卻變成緊密不分的好友…  《怪獸大學》再度找回員班人馬比利克里斯多與約翰古德曼為大家最喜歡的大眼仔與毛怪獻聲，在《怪獸大學》中將出現不少怪獸新面孔，而曾在《怪獸電力公司》出線的老朋友也將回春出場。本片由曾參與過《Cars》的丹斯坎隆執導，更由《天外奇蹟》、《超人特攻隊》、與《怪獸電力公司》的克瑞雷擔任製片，是一部充滿歡笑的動畫電影，本片將於2013年6月21日上映，讓我們再次體驗大眼仔與毛怪的搞笑魅力。', 1, N'http://tw.movie.yahoo.com/movieinfo_main.html/id=4365', 0,1)
INSERT [dbo].[Movie] ([mvID], [mvNameC], [mvNameE], [mvStartDate], [mvEndDate], [mvDirector], [mvCast], [mvCom], [mvURL], [mvStory], [mvRank], [mvPreview], [mvLevelID], [mvTypeID]) VALUES (19, N'神偷奶爸2', N'Despicable Me 2', CAST(0x4A370B00 AS Date), CAST(0x00380B00 AS Date), N'皮埃爾科芬、克里斯雷納德', N'(配音)《神偷奶爸》史提夫卡爾、《龍鳳大雙胞》艾爾帕西諾', N'環球影業', N'http://despicableme.com/', N'全球賣座超過5.4億美金，全美影史賣座前10名3D動畫片《神偷奶爸》續集。皮爾柯芬與克里斯瑞納再度合作執導。由《神偷奶爸》史提夫卡爾與羅素布蘭登、《龍鳳大雙胞》艾爾帕西諾、《伴娘我最大》克莉絲汀薇格聯合獻聲配音。  壞蛋神偷格魯金盆洗手後，甘心乖乖在家當一位好奶爸，照顧三位可愛的女兒妮妮、娜娜與娣娣。然而，一個對抗全球邪惡勢力的極機密組織卻找上門來。如今，格魯率領眾位小小兵，夥同新搭檔露西，將攜手調查一連串超級罪案，揪出新一代的犯罪天王。  此次續集除了有機器人女僕與疑似外星人誘拐事件，這次小小兵即將遇到天大麻煩，已經升格為奶爸的格魯該如何拯救小小兵？ ', 1, N'http://tw.movie.yahoo.com/movieinfo_main.html/id=4223', 0,1)
INSERT [dbo].[Movie] ([mvID], [mvNameC], [mvNameE], [mvStartDate], [mvEndDate], [mvDirector], [mvCast], [mvCom], [mvURL], [mvStory], [mvRank], [mvPreview], [mvLevelID], [mvTypeID]) VALUES (20, N'藍色小精靈2', N'SMURFS 2', CAST(0x7E370B00 AS Date), CAST(0x00380B00 AS Date), N'《麻雀變鳳凰》 拉傑葛斯耐', N'《老爸老媽羅曼史》尼爾派翠克哈利斯、《歡樂合唱團》潔瑪梅斯、(小美人配音)《藍色小精靈》凱蒂佩芮', N'博偉', N'http://www.smurfhappens.com/', N'邪惡的巫師賈不妙為了取得藍色小精靈的魔法精華，因此爬上巴黎鐵塔施展魔法，創造出兩隻臉上有藍雀斑且外觀很像藍色小精靈的「A貨」，並將他們取  名為小魔女與小哈哈。沒想到賈不妙後來發現，只有真正的藍色小精靈才能讓他獲取強大的魔法，而他先前創造出的小美人手中正好有這組咒語，能將兩隻小壞壞變成真正的藍色小精靈，滲透到蘑菇村莊搗亂作怪。  為了完成目標，賈不妙因此綁架了小美人並將她帶到巴黎，而老爹為了拯救小美人，只好帶著小精靈們再度回到人類世界，並請出人類好友派翠克出面協助。在小壞壞的誘騙下，一直認為自己異於其他小精靈的小美人，會不會跟著耍壞變了樣?', 1, N'http://tw.movie.yahoo.com/movieinfo_main.html/id=4588', 0,1)
INSERT [dbo].[Movie] ([mvID], [mvNameC], [mvNameE], [mvStartDate], [mvEndDate], [mvDirector], [mvCast], [mvCom], [mvURL], [mvStory], [mvRank], [mvPreview], [mvLevelID], [mvTypeID]) VALUES (21, N'鋼鐵人3', N'IRON MAN 3', CAST(0x05370B00 AS Date), CAST(0x00380B00 AS Date), N'西恩•布萊克(Shane Black)', N'小勞勃•道尼(Robert Downey Jr.)、唐•奇鐸(Don Cheadle)、葛妮絲•派特洛(Gwyneth Paltrow)、蓋•皮爾斯(Guy Pearce)、班•金斯利(Ben Kingsley)', N'迪士尼影業', N'http://marvel.com/ironman3', N'繼超級英雄大集結的《復仇者聯盟》(The Avengers)後，漫威影業又為其中最受歡迎的超級英雄─鋼鐵人量身打造了續集《鋼鐵人3》，而這一次東尼•史塔克/鋼鐵人即將面臨的宿敵，掌控著無邊的法力。當史塔克的生活被敵人摧毀得支離破碎，他強忍悲痛開始搜尋幕後主使。這場峰迴路轉的旅程將測試史塔克真正的勇氣，他必須依靠才智及本能才能保護那些他最愛的人。隨著戰火的升級，史塔克也逐漸發現那個一直秘密困擾著他的問題的答案：到底是他塑造了鋼鐵人盔甲，還是鋼鐵人盔甲塑造了他？  《鋼鐵人3》由小勞勃•道尼、葛妮絲•派特洛、唐•奇鐸、蓋•皮爾斯與班•金斯利主演，並由西恩•布萊克執導，根據漫威漫畫中最著名的超級英雄之一鋼鐵人的故事改編。鋼鐵人第一次出現在漫威漫畫中是1963年出版的《懸疑傳說》第39期(Tales of Suspense #39)，隨後他從1968年5月的《無敵鋼鐵人》第1期(The Invincible Iron Man #1)起，擁有了自己的獨立漫畫系列。  在漫威影業出??品的《鋼鐵人3》中，東尼•史塔克/鋼鐵人的生活遭到了強勁宿敵的摧毀，他必須施展自己的才智與本能努力保護那些他最愛的人；同時展開艱辛旅程，搜尋並擊敗幕後主使。', 1, N'http://tw.movie.yahoo.com/movieinfo_main.html/id=4488', 0, 1)
SET IDENTITY_INSERT [dbo].[Movie] OFF

---新增電影圖片
SET IDENTITY_INSERT [dbo].[MoviePIC] ON
INSERT [dbo].[MoviePIC] ([mvPicID], [mvID], [mvPic]) VALUES (1, 1, N'/MoviePIC/0101.jpg')
INSERT [dbo].[MoviePIC] ([mvPicID], [mvID], [mvPic]) VALUES (2, 1, N'/MoviePIC/0102.jpg')
INSERT [dbo].[MoviePIC] ([mvPicID], [mvID], [mvPic]) VALUES (3, 1, N'/MoviePIC/0103.jpg')
INSERT [dbo].[MoviePIC] ([mvPicID], [mvID], [mvPic]) VALUES (4, 1, N'/MoviePIC/0104.jpg')
INSERT [dbo].[MoviePIC] ([mvPicID], [mvID], [mvPic]) VALUES (5, 1, N'/MoviePIC/0105.jpg')
INSERT [dbo].[MoviePIC] ([mvPicID], [mvID], [mvPic]) VALUES (6, 1, N'/MoviePIC/0106.jpg')
INSERT [dbo].[MoviePIC] ([mvPicID], [mvID], [mvPic]) VALUES (7, 1, N'/MoviePIC/0107.jpg')
INSERT [dbo].[MoviePIC] ([mvPicID], [mvID], [mvPic]) VALUES (8, 2, N'/MoviePIC/0201.jpg')
INSERT [dbo].[MoviePIC] ([mvPicID], [mvID], [mvPic]) VALUES (9, 2, N'/MoviePIC/0202.jpg')
INSERT [dbo].[MoviePIC] ([mvPicID], [mvID], [mvPic]) VALUES (10, 2, N'/MoviePIC/0203.jpg')
INSERT [dbo].[MoviePIC] ([mvPicID], [mvID], [mvPic]) VALUES (11, 2, N'/MoviePIC/0204.jpg')
INSERT [dbo].[MoviePIC] ([mvPicID], [mvID], [mvPic]) VALUES (12, 2, N'/MoviePIC/0205.jpg')
INSERT [dbo].[MoviePIC] ([mvPicID], [mvID], [mvPic]) VALUES (13, 2, N'/MoviePIC/0206.jpg')
INSERT [dbo].[MoviePIC] ([mvPicID], [mvID], [mvPic]) VALUES (14, 3, N'/MoviePIC/0301.jpg')
INSERT [dbo].[MoviePIC] ([mvPicID], [mvID], [mvPic]) VALUES (15, 3, N'/MoviePIC/0302.jpg')
INSERT [dbo].[MoviePIC] ([mvPicID], [mvID], [mvPic]) VALUES (16, 3, N'/MoviePIC/0303.jpg')
INSERT [dbo].[MoviePIC] ([mvPicID], [mvID], [mvPic]) VALUES (17, 3, N'/MoviePIC/0304.jpg')
INSERT [dbo].[MoviePIC] ([mvPicID], [mvID], [mvPic]) VALUES (18, 3, N'/MoviePIC/0305.jpg')
INSERT [dbo].[MoviePIC] ([mvPicID], [mvID], [mvPic]) VALUES (19, 4, N'/MoviePIC/0401.jpg')
INSERT [dbo].[MoviePIC] ([mvPicID], [mvID], [mvPic]) VALUES (20, 4, N'/MoviePIC/0402.jpg')
INSERT [dbo].[MoviePIC] ([mvPicID], [mvID], [mvPic]) VALUES (21, 4, N'/MoviePIC/0403.jpg')
INSERT [dbo].[MoviePIC] ([mvPicID], [mvID], [mvPic]) VALUES (22, 4, N'/MoviePIC/0404.jpg')
INSERT [dbo].[MoviePIC] ([mvPicID], [mvID], [mvPic]) VALUES (23, 5, N'/MoviePIC/0501.jpg')
INSERT [dbo].[MoviePIC] ([mvPicID], [mvID], [mvPic]) VALUES (24, 5, N'/MoviePIC/0502.jpg')
INSERT [dbo].[MoviePIC] ([mvPicID], [mvID], [mvPic]) VALUES (25, 5, N'/MoviePIC/0503.jpg')
INSERT [dbo].[MoviePIC] ([mvPicID], [mvID], [mvPic]) VALUES (26, 5, N'/MoviePIC/0504.jpg')
INSERT [dbo].[MoviePIC] ([mvPicID], [mvID], [mvPic]) VALUES (27, 5, N'/MoviePIC/0505.jpg')
INSERT [dbo].[MoviePIC] ([mvPicID], [mvID], [mvPic]) VALUES (28, 5, N'/MoviePIC/0506.jpg')
INSERT [dbo].[MoviePIC] ([mvPicID], [mvID], [mvPic]) VALUES (29, 5, N'/MoviePIC/0507.jpg')
INSERT [dbo].[MoviePIC] ([mvPicID], [mvID], [mvPic]) VALUES (30, 5, N'/MoviePIC/0508.jpg')
INSERT [dbo].[MoviePIC] ([mvPicID], [mvID], [mvPic]) VALUES (31, 5, N'/MoviePIC/0509.jpg')
INSERT [dbo].[MoviePIC] ([mvPicID], [mvID], [mvPic]) VALUES (32, 5, N'/MoviePIC/0510.jpg')
INSERT [dbo].[MoviePIC] ([mvPicID], [mvID], [mvPic]) VALUES (33, 5, N'/MoviePIC/0511.jpg')
INSERT [dbo].[MoviePIC] ([mvPicID], [mvID], [mvPic]) VALUES (34, 5, N'/MoviePIC/0512.jpg')
INSERT [dbo].[MoviePIC] ([mvPicID], [mvID], [mvPic]) VALUES (35, 5, N'/MoviePIC/0513.jpg')
INSERT [dbo].[MoviePIC] ([mvPicID], [mvID], [mvPic]) VALUES (36, 5, N'/MoviePIC/0514.jpg')
INSERT [dbo].[MoviePIC] ([mvPicID], [mvID], [mvPic]) VALUES (37, 5, N'/MoviePIC/0515.jpg')
INSERT [dbo].[MoviePIC] ([mvPicID], [mvID], [mvPic]) VALUES (38, 5, N'/MoviePIC/0516.jpg')
INSERT [dbo].[MoviePIC] ([mvPicID], [mvID], [mvPic]) VALUES (39, 6, N'/MoviePIC/0601.jpg')
INSERT [dbo].[MoviePIC] ([mvPicID], [mvID], [mvPic]) VALUES (40, 6, N'/MoviePIC/0602.jpg')
INSERT [dbo].[MoviePIC] ([mvPicID], [mvID], [mvPic]) VALUES (41, 6, N'/MoviePIC/0603.jpg')
INSERT [dbo].[MoviePIC] ([mvPicID], [mvID], [mvPic]) VALUES (42, 6, N'/MoviePIC/0604.jpg')
INSERT [dbo].[MoviePIC] ([mvPicID], [mvID], [mvPic]) VALUES (43, 6, N'/MoviePIC/0605.jpg')
INSERT [dbo].[MoviePIC] ([mvPicID], [mvID], [mvPic]) VALUES (44, 6, N'/MoviePIC/0606.jpg')
INSERT [dbo].[MoviePIC] ([mvPicID], [mvID], [mvPic]) VALUES (45, 6, N'/MoviePIC/0607.jpg')
INSERT [dbo].[MoviePIC] ([mvPicID], [mvID], [mvPic]) VALUES (46, 7, N'/MoviePIC/0701.jpg')
INSERT [dbo].[MoviePIC] ([mvPicID], [mvID], [mvPic]) VALUES (47, 7, N'/MoviePIC/0702.jpg')
INSERT [dbo].[MoviePIC] ([mvPicID], [mvID], [mvPic]) VALUES (48, 7, N'/MoviePIC/0703.jpg')
INSERT [dbo].[MoviePIC] ([mvPicID], [mvID], [mvPic]) VALUES (49, 7, N'/MoviePIC/0704.jpg')
INSERT [dbo].[MoviePIC] ([mvPicID], [mvID], [mvPic]) VALUES (50, 7, N'/MoviePIC/0705.jpg')
INSERT [dbo].[MoviePIC] ([mvPicID], [mvID], [mvPic]) VALUES (51, 7, N'/MoviePIC/0706.jpg')
INSERT [dbo].[MoviePIC] ([mvPicID], [mvID], [mvPic]) VALUES (52, 7, N'/MoviePIC/0707.jpg')
INSERT [dbo].[MoviePIC] ([mvPicID], [mvID], [mvPic]) VALUES (53, 7, N'/MoviePIC/0708.jpg')
INSERT [dbo].[MoviePIC] ([mvPicID], [mvID], [mvPic]) VALUES (54, 7, N'/MoviePIC/0709.jpg')
INSERT [dbo].[MoviePIC] ([mvPicID], [mvID], [mvPic]) VALUES (55, 7, N'/MoviePIC/0710.jpg')
INSERT [dbo].[MoviePIC] ([mvPicID], [mvID], [mvPic]) VALUES (56, 8, N'/MoviePIC/0801.jpg')
INSERT [dbo].[MoviePIC] ([mvPicID], [mvID], [mvPic]) VALUES (57, 8, N'/MoviePIC/0802.jpg')
INSERT [dbo].[MoviePIC] ([mvPicID], [mvID], [mvPic]) VALUES (58, 8, N'/MoviePIC/0803.jpg')
INSERT [dbo].[MoviePIC] ([mvPicID], [mvID], [mvPic]) VALUES (59, 8, N'/MoviePIC/0804.jpg')
INSERT [dbo].[MoviePIC] ([mvPicID], [mvID], [mvPic]) VALUES (60, 8, N'/MoviePIC/0805.jpg')
INSERT [dbo].[MoviePIC] ([mvPicID], [mvID], [mvPic]) VALUES (61, 8, N'/MoviePIC/0806.jpg')
INSERT [dbo].[MoviePIC] ([mvPicID], [mvID], [mvPic]) VALUES (62, 8, N'/MoviePIC/0807.jpg')
INSERT [dbo].[MoviePIC] ([mvPicID], [mvID], [mvPic]) VALUES (63, 8, N'/MoviePIC/0808.jpg')
INSERT [dbo].[MoviePIC] ([mvPicID], [mvID], [mvPic]) VALUES (64, 8, N'/MoviePIC/0809.jpg')
INSERT [dbo].[MoviePIC] ([mvPicID], [mvID], [mvPic]) VALUES (65, 8, N'/MoviePIC/0810.jpg')
INSERT [dbo].[MoviePIC] ([mvPicID], [mvID], [mvPic]) VALUES (66, 8, N'/MoviePIC/0811.jpg')
INSERT [dbo].[MoviePIC] ([mvPicID], [mvID], [mvPic]) VALUES (67, 8, N'/MoviePIC/0812.jpg')
INSERT [dbo].[MoviePIC] ([mvPicID], [mvID], [mvPic]) VALUES (68, 8, N'/MoviePIC/0813.jpg')
INSERT [dbo].[MoviePIC] ([mvPicID], [mvID], [mvPic]) VALUES (69, 8, N'/MoviePIC/0814.jpg')
INSERT [dbo].[MoviePIC] ([mvPicID], [mvID], [mvPic]) VALUES (70, 8, N'/MoviePIC/0815.jpg')
INSERT [dbo].[MoviePIC] ([mvPicID], [mvID], [mvPic]) VALUES (71, 8, N'/MoviePIC/0816.jpg')
INSERT [dbo].[MoviePIC] ([mvPicID], [mvID], [mvPic]) VALUES (72, 8, N'/MoviePIC/0817.jpg')
INSERT [dbo].[MoviePIC] ([mvPicID], [mvID], [mvPic]) VALUES (73, 9, N'/MoviePIC/0901.jpg')
INSERT [dbo].[MoviePIC] ([mvPicID], [mvID], [mvPic]) VALUES (74, 9, N'/MoviePIC/0902.jpg')
INSERT [dbo].[MoviePIC] ([mvPicID], [mvID], [mvPic]) VALUES (75, 9, N'/MoviePIC/0903.jpg')
INSERT [dbo].[MoviePIC] ([mvPicID], [mvID], [mvPic]) VALUES (76, 9, N'/MoviePIC/0904.jpg')
INSERT [dbo].[MoviePIC] ([mvPicID], [mvID], [mvPic]) VALUES (77, 9, N'/MoviePIC/0905.jpg')
INSERT [dbo].[MoviePIC] ([mvPicID], [mvID], [mvPic]) VALUES (78, 9, N'/MoviePIC/0906.jpg')
INSERT [dbo].[MoviePIC] ([mvPicID], [mvID], [mvPic]) VALUES (79, 9, N'/MoviePIC/0907.jpg')
INSERT [dbo].[MoviePIC] ([mvPicID], [mvID], [mvPic]) VALUES (80, 9, N'/MoviePIC/0908.jpg')
INSERT [dbo].[MoviePIC] ([mvPicID], [mvID], [mvPic]) VALUES (81, 9, N'/MoviePIC/0909.jpg')
INSERT [dbo].[MoviePIC] ([mvPicID], [mvID], [mvPic]) VALUES (82, 9, N'/MoviePIC/0910.jpg')
INSERT [dbo].[MoviePIC] ([mvPicID], [mvID], [mvPic]) VALUES (83, 10, N'/MoviePIC/1001.jpg')
INSERT [dbo].[MoviePIC] ([mvPicID], [mvID], [mvPic]) VALUES (84, 10, N'/MoviePIC/1002.jpg')
INSERT [dbo].[MoviePIC] ([mvPicID], [mvID], [mvPic]) VALUES (85, 10, N'/MoviePIC/1003.jpg')
INSERT [dbo].[MoviePIC] ([mvPicID], [mvID], [mvPic]) VALUES (86, 10, N'/MoviePIC/1004.jpg')
INSERT [dbo].[MoviePIC] ([mvPicID], [mvID], [mvPic]) VALUES (87, 10, N'/MoviePIC/1005.jpg')
INSERT [dbo].[MoviePIC] ([mvPicID], [mvID], [mvPic]) VALUES (88, 10, N'/MoviePIC/1006.jpg')
INSERT [dbo].[MoviePIC] ([mvPicID], [mvID], [mvPic]) VALUES (89, 10, N'/MoviePIC/1007.jpg')
INSERT [dbo].[MoviePIC] ([mvPicID], [mvID], [mvPic]) VALUES (90, 10, N'/MoviePIC/1008.jpg')
INSERT [dbo].[MoviePIC] ([mvPicID], [mvID], [mvPic]) VALUES (91, 10, N'/MoviePIC/1009.jpg')
INSERT [dbo].[MoviePIC] ([mvPicID], [mvID], [mvPic]) VALUES (92, 11, N'/MoviePIC/1101.jpg')
INSERT [dbo].[MoviePIC] ([mvPicID], [mvID], [mvPic]) VALUES (93, 11, N'/MoviePIC/1102.jpg')
INSERT [dbo].[MoviePIC] ([mvPicID], [mvID], [mvPic]) VALUES (94, 11, N'/MoviePIC/1103.jpg')
INSERT [dbo].[MoviePIC] ([mvPicID], [mvID], [mvPic]) VALUES (95, 11, N'/MoviePIC/1104.jpg')
INSERT [dbo].[MoviePIC] ([mvPicID], [mvID], [mvPic]) VALUES (96, 11, N'/MoviePIC/1105.jpg')
INSERT [dbo].[MoviePIC] ([mvPicID], [mvID], [mvPic]) VALUES (97, 11, N'/MoviePIC/1106.jpg')
INSERT [dbo].[MoviePIC] ([mvPicID], [mvID], [mvPic]) VALUES (98, 11, N'/MoviePIC/1107.jpg')
INSERT [dbo].[MoviePIC] ([mvPicID], [mvID], [mvPic]) VALUES (99, 11, N'/MoviePIC/1108.jpg')
INSERT [dbo].[MoviePIC] ([mvPicID], [mvID], [mvPic]) VALUES (100, 11, N'/MoviePIC/1109.jpg')
GO
print 'Processed 100 total records'
INSERT [dbo].[MoviePIC] ([mvPicID], [mvID], [mvPic]) VALUES (101, 11, N'/MoviePIC/1110.jpg')
INSERT [dbo].[MoviePIC] ([mvPicID], [mvID], [mvPic]) VALUES (102, 11, N'/MoviePIC/1111.jpg')
INSERT [dbo].[MoviePIC] ([mvPicID], [mvID], [mvPic]) VALUES (103, 11, N'/MoviePIC/1112.jpg')
INSERT [dbo].[MoviePIC] ([mvPicID], [mvID], [mvPic]) VALUES (104, 11, N'/MoviePIC/1113.jpg')
INSERT [dbo].[MoviePIC] ([mvPicID], [mvID], [mvPic]) VALUES (105, 11, N'/MoviePIC/1114.jpg')
INSERT [dbo].[MoviePIC] ([mvPicID], [mvID], [mvPic]) VALUES (106, 11, N'/MoviePIC/1115.jpg')
INSERT [dbo].[MoviePIC] ([mvPicID], [mvID], [mvPic]) VALUES (107, 12, N'/MoviePIC/1201.jpg')
INSERT [dbo].[MoviePIC] ([mvPicID], [mvID], [mvPic]) VALUES (108, 12, N'/MoviePIC/1202.jpg')
INSERT [dbo].[MoviePIC] ([mvPicID], [mvID], [mvPic]) VALUES (109, 12, N'/MoviePIC/1203.jpg')
INSERT [dbo].[MoviePIC] ([mvPicID], [mvID], [mvPic]) VALUES (110, 12, N'/MoviePIC/1204.jpg')
INSERT [dbo].[MoviePIC] ([mvPicID], [mvID], [mvPic]) VALUES (111, 12, N'/MoviePIC/1205.jpg')
INSERT [dbo].[MoviePIC] ([mvPicID], [mvID], [mvPic]) VALUES (112, 12, N'/MoviePIC/1206.jpg')
INSERT [dbo].[MoviePIC] ([mvPicID], [mvID], [mvPic]) VALUES (113, 12, N'/MoviePIC/1207.jpg')
INSERT [dbo].[MoviePIC] ([mvPicID], [mvID], [mvPic]) VALUES (114, 13, N'/MoviePIC/1301.jpg')
INSERT [dbo].[MoviePIC] ([mvPicID], [mvID], [mvPic]) VALUES (115, 13, N'/MoviePIC/1302.jpg')
INSERT [dbo].[MoviePIC] ([mvPicID], [mvID], [mvPic]) VALUES (116, 13, N'/MoviePIC/1303.jpg')
INSERT [dbo].[MoviePIC] ([mvPicID], [mvID], [mvPic]) VALUES (117, 13, N'/MoviePIC/1304.jpg')
INSERT [dbo].[MoviePIC] ([mvPicID], [mvID], [mvPic]) VALUES (118, 13, N'/MoviePIC/1305.jpg')
INSERT [dbo].[MoviePIC] ([mvPicID], [mvID], [mvPic]) VALUES (119, 13, N'/MoviePIC/1306.jpg')
INSERT [dbo].[MoviePIC] ([mvPicID], [mvID], [mvPic]) VALUES (120, 13, N'/MoviePIC/1307.jpg')
INSERT [dbo].[MoviePIC] ([mvPicID], [mvID], [mvPic]) VALUES (121, 14, N'/MoviePIC/1401.jpg')
INSERT [dbo].[MoviePIC] ([mvPicID], [mvID], [mvPic]) VALUES (122, 14, N'/MoviePIC/1402.jpg')
INSERT [dbo].[MoviePIC] ([mvPicID], [mvID], [mvPic]) VALUES (123, 14, N'/MoviePIC/1403.jpg')
INSERT [dbo].[MoviePIC] ([mvPicID], [mvID], [mvPic]) VALUES (124, 14, N'/MoviePIC/1404.jpg')
INSERT [dbo].[MoviePIC] ([mvPicID], [mvID], [mvPic]) VALUES (125, 14, N'/MoviePIC/1405.jpg')
INSERT [dbo].[MoviePIC] ([mvPicID], [mvID], [mvPic]) VALUES (126, 15, N'/MoviePIC/1501.jpg')
INSERT [dbo].[MoviePIC] ([mvPicID], [mvID], [mvPic]) VALUES (127, 15, N'/MoviePIC/1502.jpg')
INSERT [dbo].[MoviePIC] ([mvPicID], [mvID], [mvPic]) VALUES (128, 15, N'/MoviePIC/1503.jpg')
INSERT [dbo].[MoviePIC] ([mvPicID], [mvID], [mvPic]) VALUES (129, 15, N'/MoviePIC/1504.jpg')
INSERT [dbo].[MoviePIC] ([mvPicID], [mvID], [mvPic]) VALUES (130, 15, N'/MoviePIC/1505.jpg')
INSERT [dbo].[MoviePIC] ([mvPicID], [mvID], [mvPic]) VALUES (131, 15, N'/MoviePIC/1506.jpg')
INSERT [dbo].[MoviePIC] ([mvPicID], [mvID], [mvPic]) VALUES (132, 15, N'/MoviePIC/1507.jpg')
INSERT [dbo].[MoviePIC] ([mvPicID], [mvID], [mvPic]) VALUES (133, 16, N'/MoviePIC/1601.jpg')
INSERT [dbo].[MoviePIC] ([mvPicID], [mvID], [mvPic]) VALUES (134, 16, N'/MoviePIC/1602.jpg')
INSERT [dbo].[MoviePIC] ([mvPicID], [mvID], [mvPic]) VALUES (135, 16, N'/MoviePIC/1603.jpg')
INSERT [dbo].[MoviePIC] ([mvPicID], [mvID], [mvPic]) VALUES (136, 16, N'/MoviePIC/1604.jpg')
INSERT [dbo].[MoviePIC] ([mvPicID], [mvID], [mvPic]) VALUES (137, 16, N'/MoviePIC/1605.jpg')
INSERT [dbo].[MoviePIC] ([mvPicID], [mvID], [mvPic]) VALUES (138, 16, N'/MoviePIC/1606.jpg')
INSERT [dbo].[MoviePIC] ([mvPicID], [mvID], [mvPic]) VALUES (139, 17, N'/MoviePIC/1701.jpg')
INSERT [dbo].[MoviePIC] ([mvPicID], [mvID], [mvPic]) VALUES (140, 17, N'/MoviePIC/1702.jpg')
INSERT [dbo].[MoviePIC] ([mvPicID], [mvID], [mvPic]) VALUES (141, 17, N'/MoviePIC/1703.jpg')
INSERT [dbo].[MoviePIC] ([mvPicID], [mvID], [mvPic]) VALUES (142, 17, N'/MoviePIC/1704.jpg')
INSERT [dbo].[MoviePIC] ([mvPicID], [mvID], [mvPic]) VALUES (143, 17, N'/MoviePIC/1705.jpg')
INSERT [dbo].[MoviePIC] ([mvPicID], [mvID], [mvPic]) VALUES (144, 17, N'/MoviePIC/1706.jpg')
INSERT [dbo].[MoviePIC] ([mvPicID], [mvID], [mvPic]) VALUES (145, 17, N'/MoviePIC/1707.jpg')
INSERT [dbo].[MoviePIC] ([mvPicID], [mvID], [mvPic]) VALUES (146, 17, N'/MoviePIC/1708.jpg')
INSERT [dbo].[MoviePIC] ([mvPicID], [mvID], [mvPic]) VALUES (147, 17, N'/MoviePIC/1709.jpg')
INSERT [dbo].[MoviePIC] ([mvPicID], [mvID], [mvPic]) VALUES (148, 17, N'/MoviePIC/1710.jpg')
INSERT [dbo].[MoviePIC] ([mvPicID], [mvID], [mvPic]) VALUES (149, 18, N'/MoviePIC/1801.jpg')
INSERT [dbo].[MoviePIC] ([mvPicID], [mvID], [mvPic]) VALUES (150, 18, N'/MoviePIC/1802.jpg')
INSERT [dbo].[MoviePIC] ([mvPicID], [mvID], [mvPic]) VALUES (151, 18, N'/MoviePIC/1803.jpg')
INSERT [dbo].[MoviePIC] ([mvPicID], [mvID], [mvPic]) VALUES (152, 18, N'/MoviePIC/1804.jpg')
INSERT [dbo].[MoviePIC] ([mvPicID], [mvID], [mvPic]) VALUES (153, 18, N'/MoviePIC/1805.jpg')
INSERT [dbo].[MoviePIC] ([mvPicID], [mvID], [mvPic]) VALUES (154, 18, N'/MoviePIC/1806.jpg')
INSERT [dbo].[MoviePIC] ([mvPicID], [mvID], [mvPic]) VALUES (155, 19, N'/MoviePIC/1901.jpg')
INSERT [dbo].[MoviePIC] ([mvPicID], [mvID], [mvPic]) VALUES (156, 19, N'/MoviePIC/1902.jpg')
INSERT [dbo].[MoviePIC] ([mvPicID], [mvID], [mvPic]) VALUES (157, 19, N'/MoviePIC/1903.jpg')
INSERT [dbo].[MoviePIC] ([mvPicID], [mvID], [mvPic]) VALUES (158, 19, N'/MoviePIC/1904.jpg')
INSERT [dbo].[MoviePIC] ([mvPicID], [mvID], [mvPic]) VALUES (159, 19, N'/MoviePIC/1905.jpg')
INSERT [dbo].[MoviePIC] ([mvPicID], [mvID], [mvPic]) VALUES (160, 19, N'/MoviePIC/1906.jpg')
INSERT [dbo].[MoviePIC] ([mvPicID], [mvID], [mvPic]) VALUES (161, 20, N'/MoviePIC/2001.jpg')
INSERT [dbo].[MoviePIC] ([mvPicID], [mvID], [mvPic]) VALUES (162, 20, N'/MoviePIC/2002.jpg')
INSERT [dbo].[MoviePIC] ([mvPicID], [mvID], [mvPic]) VALUES (163, 20, N'/MoviePIC/2003.jpg')
INSERT [dbo].[MoviePIC] ([mvPicID], [mvID], [mvPic]) VALUES (164, 20, N'/MoviePIC/2004.jpg')
INSERT [dbo].[MoviePIC] ([mvPicID], [mvID], [mvPic]) VALUES (165, 20, N'/MoviePIC/2005.jpg')
INSERT [dbo].[MoviePIC] ([mvPicID], [mvID], [mvPic]) VALUES (166, 20, N'/MoviePIC/2006.jpg')
INSERT [dbo].[MoviePIC] ([mvPicID], [mvID], [mvPic]) VALUES (167, 21, N'/MoviePIC/2101.jpg')
INSERT [dbo].[MoviePIC] ([mvPicID], [mvID], [mvPic]) VALUES (168, 21, N'/MoviePIC/2102.jpg')
INSERT [dbo].[MoviePIC] ([mvPicID], [mvID], [mvPic]) VALUES (169, 21, N'/MoviePIC/2103.jpg')
INSERT [dbo].[MoviePIC] ([mvPicID], [mvID], [mvPic]) VALUES (170, 21, N'/MoviePIC/2104.jpg')
INSERT [dbo].[MoviePIC] ([mvPicID], [mvID], [mvPic]) VALUES (171, 21, N'/MoviePIC/2105.jpg')
INSERT [dbo].[MoviePIC] ([mvPicID], [mvID], [mvPic]) VALUES (172, 21, N'/MoviePIC/2106.jpg')
INSERT [dbo].[MoviePIC] ([mvPicID], [mvID], [mvPic]) VALUES (173, 21, N'/MoviePIC/2107.jpg')
INSERT [dbo].[MoviePIC] ([mvPicID], [mvID], [mvPic]) VALUES (174, 21, N'/MoviePIC/2108.jpg')
SET IDENTITY_INSERT [dbo].[MoviePIC] OFF

---新增電影院
INSERT INTO [TheMovie].[dbo].[theater]
     VALUES('台北信義威秀影城',1,110,'松壽路20號','(02) 8780-5566',
            '台北信義威秀影城於1998年1月24日正式開幕，共有17間放映廳，斥資五千萬美元建構而成；威秀影城前身為華納威秀影城，由美國華納影業與澳洲威秀集團共同投資，目前全台之威秀影城轉由香港嘉禾集團與台灣中環集團等四家公司共同經營，將帶領台灣電影娛樂事業邁向另一高峰。    台北信義威秀影城內有時髦前衛、聲光炫麗的裝潢，為全國第一座專門為放映電影而量身打造的建築設計，提供了由現成建築物改裝的傳統電影院無法擁有的舒適視聽空間。    為滿足觀眾視聽至高無上的享受，台北信義威秀影城應用最新科技，為未來影城之設計規劃建立新規範，也為台灣的電影院史上樹立新的里程碑。出自名室內設計師之手的17間影廳院，皆具備超大型廣角弧形銀幕及球場座位排列的座椅，提供威秀影城之觀眾寬敞舒適、無障礙的空間，為全臺唯一經過THX世界標準聲場環境認證的標準影廳，提供北台灣民眾世界級的影音享受。此外影廳內特製的高背沙發座椅，附有單獨置杯架可放置飲料、爆米花等點心；除一般售票外，影城內的自動售票系統，讓忙碌的都市人能快速選擇自己所喜歡的電影場次與座位，享受更便利的售票服務。','')
INSERT INTO [TheMovie].[dbo].[theater]
     VALUES('台北京站威秀影城',1,103,'市民大道一段209號5樓','(02) 2552-5511',
            '台北京站威秀影城為威秀影城全省第八家影城，也是正式更名為威秀影城後，第一家全新開幕的影城。    台北京站威秀影城，共有9個廳，1768個座位數，座落於西區最大公共交通轉運樞紐的複合式商場內。經過京站時尚廣場進入台北京站威秀影城的長型手扶梯後，就是由國內知名設計團隊打造，時尚大器的入口挑高大廳；漫步入內，設計感鏤空天花版，二側步道不但有電影相關資訊，還有錯落的小店可在買票後稍做瀏覽。    全新的娛樂影城及高規格影音設備規劃，威秀影城在台北京站的開幕，再次為西區的影迷們提供了無可比擬的視聽遊憩新據點。','')
INSERT INTO [TheMovie].[dbo].[theater]
     VALUES('台北日新威秀影城',1,108,'武昌街二段87號','(02) 2331-5256',
            '台北日新威秀影城的前身為日新旗艦店，威秀影城於2007年8月3日接手經營，耗資千萬重新改裝；2008年5月，引進數位放映系統；2009年4月3日，耗資六千萬，於將原本第一廳修改為全台唯一、全世界座位數最多的數位IMAX影城。    台北日新威秀影城共計有四個影廳，第一廳數位IMAX影廳可容納六百多個座位，視覺方面配合超大弧形銀幕播放，這個巨型銀幕橫貫影廳兩側牆面，縱貫影廳地面至屋頂，完全涵蓋觀眾席及觀眾視野，並以專利技術增進放映畫質的亮度、鮮銳度與3D的景深層次；在視覺方面，無壓縮的超清晰數位音訊，即使連一根尖針落地，都能清楚呈現。不論坐在影廳內任何角落的觀眾，都能完全融入電影情境中，感受到被電影場景所包覆的震撼體驗！    日新威秀數位IMAX影廳不但可播放一般數位電影，也可播放3D立體，電影讓國內的觀眾可以與同步欣賞好萊塢數位科技所呈現的最佳電影放映品質！    其餘三個影廳每廳皆可容納百人的座位，採用進口高級座椅，每個座位皆附有可動式扶手，影廳二側精心設計的燈光效果，搭配內部鋪設的高級壁毯與舒適的羊毛地毯，讓看電影成為一種精緻且奢華的享受。    日新威秀影城另外值得一看的特色，就是保有由藝術大師顏水龍教授唯一的抽象壁畫「旭日東昇」，此馬賽克壁畫高2公尺、全長30公尺，於45年前由知名畫家顏水龍送給日新大戲院做為鎮院之寶，作品結合藝術與工藝，除具有高度的藝術價值外，也是文化的一大資產。','')

GO

---新增放映廳[theaID],[roomType],[roomName],[seat][varchar](1000),[seatTotalRow][int] not null,[seatTotalColumn][int] not null
INSERT INTO room VALUES(1,1,'3A','11101111110111,11101111110111,11101111110111,11101111110111,11101111110111,00000000000000,11101111110111',7,14);
INSERT INTO room VALUES(1,1,'3B','11101111110111,11101111110111,11101111110111,11101111110111,11101111110111,00000000000000,11101111110111,11101111110111',8,14);
INSERT INTO room VALUES(1,1,'3C','11101111110111,11101111110111,11101111110111,11101111110111,11101111110111,00000000000000,11101111110111,11101111110111',8,14);
INSERT INTO room VALUES(2,1,'2A','11101111110111,11101111110111,11101111110111,11101111110111,11101111110111,00000000000000,11101111110111',7,14);
INSERT INTO room VALUES(2,1,'2B','11101111110111,11101111110111,11101111110111,11101111110111,11101111110111,00000000000000,11101111110111',7,14);
INSERT INTO room VALUES(2,1,'2C','11101111110111,11101111110111,11101111110111,11101111110111,11101111110111,00000000000000,11101111110111',7,14);
INSERT INTO room VALUES(3,1,'4A','11101111110111,11101111110111,11101111110111,11101111110111,11101111110111,00000000000000,11101111110111,11101111110111',8,14);
INSERT INTO room VALUES(3,1,'4B','11101111110111,11101111110111,11101111110111,11101111110111,11101111110111,00000000000000,11101111110111',7,14);
INSERT INTO room VALUES(3,1,'4C','11101111110111,11101111110111,11101111110111,11101111110111,11101111110111,00000000000000,11101111110111',7,14);



---新增場次[roundsID], [roomID], [mvID], [roundsDateTime], [seat]
INSERT INTO rounds VALUES(1,1,'2013-03-06 12:10:00','11101111110111,11101111110111,11101111110111,11101111110111,11101111110111,00000000000000,11101111110111');
INSERT INTO rounds VALUES(1,1,'2013-03-06 15:10:00','11101111110111,11101111110111,11101111110111,11101111110111,11101111110111,00000000000000,11101111110111');
INSERT INTO rounds VALUES(1,1,'2013-03-06 18:10:00','11101111110111,11101111110111,11101111110111,11101111110111,11101111110111,00000000000000,11101111110111');
GO


---新增電影票
